AAACATACAACCAC-1	1.00228822398461
AAACATTGAGCTAC-1	0.999026504922723
AAACATTGATCAGC-1	0.999123411557457
AAACCGTGCTTCCG-1	0.99698657929331
AAACCGTGTATGCG-1	1.03426940567736
AAACGCACTGGTAC-1	1.00019937414083
AAACGCTGACCAGT-1	1.0027527720692
AAACGCTGGTTCTT-1	1.00212177426654
AAACGCTGTAGCCA-1	1.00068781883961
AAACGCTGTTTCTG-1	0.994440869114111
AAACTTGAAAAACG-1	1.00058620622337
AAACTTGATCCAGA-1	0.999573467148248
AAAGAGACGAGATA-1	1.00357862700517
AAAGAGACGCGAGA-1	0.99688403181063
AAAGAGACGGACTT-1	0.999573467148248
AAAGAGACGGCATT-1	0.999573467148248
AAAGCAGATATCGG-1	0.988655795783765
AAAGCCTGTATGCG-1	0.999573467148249
AAAGGCCTGTCTAG-1	0.999573467148248
AAAGTTTGATCACG-1	0.998565832604752
AAAGTTTGGGGTGA-1	1.00039785763662
AAAGTTTGTAGAGA-1	1.00441988395866
AAAGTTTGTAGCGT-1	0.997136671762709
AAATCAACAATGCC-1	0.999000317224425
AAATCAACACCAGT-1	0.999573467148248
AAATCAACCAGGAG-1	1.00003730634414
AAATCAACCCTATT-1	0.998610718805221
AAATCAACGGAAGC-1	1.00152195343899
AAATCAACTCGCAA-1	1.00060555126508
AAATCATGACCACA-1	0.997076317158942
AAATCCCTCCACAA-1	1.00386348202871
AAATCCCTGCTATG-1	1.00313066809895
AAATGTTGAACGAA-1	0.996590937621378
AAATGTTGCCACAA-1	0.996804565577201
AAATGTTGTGGCAT-1	0.997549014556556
AAATTCGAAGGTTC-1	0.999573467148248
AAATTCGAATCACG-1	0.994293100179689
AAATTCGAGCTGAT-1	0.981358005332335
AAATTCGAGGAGTG-1	1.00043183852407
AAATTCGATTCTCA-1	0.999011909020637
AAATTGACACGACT-1	1.00185820650173
AAATTGACTCGCTC-1	0.999948260349279
AACAAACTCATTTC-1	0.999573467148248
AACAAACTTTCGTT-1	0.999070663593345
AACAATACGACGAG-1	1.00353478868252
AACACGTGCAGAGG-1	1.00203749377228
AACACGTGGAAAGT-1	0.999573467148248
AACACGTGGAACCT-1	0.973486572079453
AACACGTGGCTACA-1	0.999573467148248
AACACGTGTACGAC-1	0.996383763224361
AACAGCACAAGAGT-1	0.999573467148248
AACATTGATGGGAG-1	0.996030974057351
AACCAGTGATACCG-1	0.996312807052441
AACCCAGATCGCTC-1	1.00066769097654
AACCGATGCTCCCA-1	1.00074874459346
AACCGATGGTCATG-1	0.999076414205858
AACCGATGTTCTAC-1	0.996057968436121
AACCGCCTAGCGTT-1	1.00167606173628
AACCGCCTCTACGA-1	0.997177229384537
AACCTACTGTGAGG-1	0.994935075189324
AACCTACTGTGTTG-1	1.00102492910442
AACCTTACGAGACG-1	1.00005752209602
AACCTTACGCGAGA-1	1.0058918835019
AACCTTACTAACGC-1	0.999573467148248
AACCTTTGGACGGA-1	1.00152068818815
AACCTTTGTACGCA-1	0.993580442258436
AACGCAACAAGTAG-1	0.998259967191418
AACGCATGACCCAA-1	0.998183239794774
AACGCATGCCTTCG-1	1.00001072588278
AACGCATGTACTTC-1	1.00097736246728
AACGCCCTCGGGAA-1	1.00162177343339
AACGCCCTCGTACA-1	1.01345643196975
AACGCCCTGGCATT-1	1.00372107489575
AACGTCGAGTATCG-1	1.01161652096931
AACGTGTGAAAGCA-1	1.00052093015028
AACGTGTGGCGGAA-1	0.998303361090881
AACGTGTGTCCAAG-1	0.997990611301616
AACGTGTGTGCTTT-1	0.998042726769767
AACTACCTTAGAGA-1	1.00005518930109
AACTCACTCAAGCT-1	0.99850782379308
AACTCACTTGGAGG-1	0.998324000314313
AACTCGGAAAGTGA-1	0.998069218138244
AACTCGGAAGGTCT-1	0.99852128455125
AACTCTTGCAGGAG-1	0.998940023886431
AACTGTCTCCCTTG-1	0.999000645677103
AACTTGCTACGCTA-1	0.999573467148248
AACTTGCTGGGACA-1	1.0010179374765
AAGAACGAGTGTTG-1	0.999573467148248
AAGAAGACGTAGGG-1	0.999573467148248
AAGACAGAAGTCTG-1	1.00375578291038
AAGACAGAGGATCT-1	0.999573467148249
AAGACAGATTACCT-1	0.99598433441163
AAGAGATGGGTAGG-1	0.997491022425023
AAGATGGAAAACAG-1	1.00118308625799
AAGATGGAGAACTC-1	0.99426364793365
AAGATGGAGATAAG-1	0.986882591187128
AAGATTACAACCTG-1	0.999573467148248
AAGATTACAGATCC-1	0.997109729729221
AAGATTACCCGTTC-1	0.993803923326325
AAGATTACCGCCTT-1	0.996354969323944
AAGATTACCTCAAG-1	1.01464585664603
AAGATTACTCCTCG-1	1.00372107489575
AAGCAAGAGCGAGA-1	0.999573467148248
AAGCAAGAGCTTAG-1	1.00792644876787
AAGCAAGAGGTGTT-1	1.01410215126378
AAGCACTGAGCAAA-1	1.00156306401757
AAGCACTGCATACG-1	0.999573467148248
AAGCACTGGTTCTT-1	1.00002170637118
AAGCCAACGTGTTG-1	1.0000508183742
AAGCCATGAACTGC-1	0.995650494357243
AAGCCATGACACGT-1	1.0013504866454
AAGCCATGCGTGAT-1	0.998921429661524
AAGCCATGTCTCGC-1	0.999573467148248
AAGCCTGACATGCA-1	0.997236194816647
AAGCCTGACCGAAT-1	0.995493575445603
AAGCGACTCCTCAC-1	0.996936070137303
AAGCGACTGTGTCA-1	0.999973296535108
AAGCGACTTACAGC-1	1.00046276738592
AAGCGACTTTGACG-1	0.995094422485896
AAGCGTACGTCTTT-1	1.00020252534029
AAGGCTTGCGAACT-1	1.00090623177111
AAGGTCACGGTTAC-1	1.00598098937356
AAGGTCACTGTTTC-1	1.0003084476388
AAGGTCACTTCCCG-1	1.00190619402607
AAGGTCTGACAGTC-1	0.999573467148248
AAGGTCTGCAGATC-1	0.999573467148248
AAGTAACTCTGAAC-1	0.99602132263102
AAGTAACTGAGATA-1	1.00170475385859
AAGTAGGATACAGC-1	1.00960934533247
AAGTATACCGAACT-1	1.00073172145549
AAGTCCGACTTGTT-1	1.00134576052972
AAGTCCGATAGAAG-1	1.00112559986121
AAGTCTCTAGTCGT-1	1.00153418403163
AAGTCTCTCGGAGA-1	1.00032615801206
AAGTGGCTTGGAGG-1	0.998741875245463
AAGTTCCTCATTCT-1	0.987626373915401
AAGTTCCTTCTTAC-1	0.999153478296506
AATAAGCTCGAATC-1	0.998621038880361
AATAAGCTCGTTGA-1	1.00040436778594
AATACCCTGGACGA-1	0.999573467148249
AATACCCTGGCATT-1	1.00083502390106
AATACTGAAAGGGC-1	1.00034893143618
AATACTGAATTGGC-1	1.00748148508455
AATAGGGAACCCTC-1	0.998649646938315
AATAGGGAGAATGA-1	0.999573467148248
AATCAAACTATCGG-1	1.00610053269866
AATCCGGAATGCTG-1	0.997494271168741
AATCCTACCGGTAT-1	0.999052584674487
AATCCTTGACGGGA-1	0.995809607938976
AATCCTTGGTGAGG-1	1.00976374345838
AATCGGTGGAACTC-1	1.00256172863449
AATCGGTGTGCTTT-1	0.997353836947327
AATCTAGAAAAGTG-1	0.999049581683286
AATCTAGAATCGGT-1	0.999573467148248
AATCTCACAGCCTA-1	0.99495746876931
AATCTCACTCTAGG-1	1.0008492469404
AATCTCTGAACAGA-1	1.00492195775725
AATCTCTGCTTTAC-1	1.00937320702225
AATGATACACCAAC-1	1.00656892687168
AATGATACGGTCAT-1	0.993790014107854
AATGCGTGACACCA-1	1.00003031059758
AATGCGTGGACGGA-1	0.995724398702476
AATGCGTGGCTATG-1	0.997624980857511
AATGGAGAATCGTG-1	0.998436942455641
AATGGAGATCCTTA-1	0.998141413470386
AATGGCTGACACCA-1	0.997794866672896
AATGGCTGCGTGAT-1	1.00140530612286
AATGGCTGTAAAGG-1	0.981563134406839
AATGGCTGTACTCT-1	0.999573467148248
AATGGCTGTGAAGA-1	0.998944408956211
AATGTAACGGTGGA-1	0.99913811285071
AATGTCCTCTTCTA-1	0.999573467148248
AATGTTGACAGTCA-1	0.996613229831916
AATGTTGAGTTGAC-1	0.996013098609875
AATGTTGATCTACT-1	0.998508391530616
AATTACGAATTCCT-1	0.997508842105452
AATTACGACTTCTA-1	1.00302707735064
AATTACGAGTGAGG-1	1.00076154971617
AATTACGATTGGCA-1	0.998018920543041
AATTCCTGCTCAGA-1	1.00122156849557
AATTGATGTCGCAA-1	0.993824662161055
AATTGTGACTTGGA-1	0.998921429661524
ACAAAGGAGGGTGA-1	1.00202340211675
ACAAATTGATTCTC-1	0.997532827201706
ACAAATTGCTCAGA-1	0.995252544379596
ACAAATTGTTGCGA-1	1.01114409249144
ACAACCGAGGGATG-1	0.999573467148248
ACAACCGAGTTACG-1	1.00083316906022
ACAAGAGAAGTCGT-1	0.996498907611566
ACAAGAGACTTATC-1	1.00099939220837
ACAAGAGAGTTGAC-1	0.997893511741277
ACAATCCTAACCGT-1	0.999573467148248
ACAATCCTTAGCGT-1	0.998794983139566
ACAATTGACTGACA-1	1.00152830443733
ACAATTGATGACTG-1	1.00956920181973
ACACAGACCATACG-1	1.0024293913401
ACACCAGAGGGCAA-1	0.999573467148249
ACACCCTGGTGTTG-1	1.00641986075885
ACACGAACAGTTCG-1	0.998619675671962
ACACGATGACGCAT-1	0.999573467148248
ACACGATGATGTGC-1	0.995452728473315
ACACGATGTCGTAG-1	0.998412522354813
ACACGATGTGGTCA-1	1.0001829631648
ACAGACACGGCATT-1	1.00021135704432
ACAGACACGTTGTG-1	1.00171541029214
ACAGCAACACCTAG-1	0.9969325861254
ACAGCAACCTCAAG-1	0.991044123483708
ACAGGTACCCCACT-1	1.00145678974297
ACAGGTACGCTGTA-1	0.998296872681903
ACAGGTACTGGTGT-1	1.01330656679503
ACAGTCGACCCAAA-1	0.999573467148248
ACAGTCGACCGATA-1	0.997439146577825
ACAGTGACTCACCC-1	1.00145001308157
ACAGTGACTCTATC-1	1.0016987119402
ACAGTGTGGTCACA-1	1.00094087271206
ACAGTGTGTTGCGA-1	0.995304391937731
ACATCACTCTACTT-1	1.00011145071507
ACATGGTGAAGCCT-1	0.999573467148248
ACATGGTGCAACCA-1	0.999573467148249
ACATGGTGCGAGTT-1	1.0002297859054
ACATTCTGGCATAC-1	1.00051869028503
ACATTCTGGGAACG-1	0.998852013905991
ACCAACGACATGCA-1	0.999573467148248
ACCACAGAAAGTAG-1	1.00133018677417
ACCACAGAGTTGGT-1	1.00049261516402
ACCACCTGTGTGCA-1	0.999573467148249
ACCACGCTACAGCT-1	0.998545099383693
ACCACGCTACCCAA-1	0.998098081956886
ACCACGCTGCGAGA-1	0.999573467148248
ACCACGCTGCTGTA-1	1.00025437550462
ACCAGCCTGACAGG-1	1.00121660161479
ACCAGTGAACGGTT-1	0.999573467148248
ACCAGTGAATACCG-1	0.994776695249789
ACCAGTGAGGGATG-1	1.00010971900831
ACCAGTGATGACTG-1	0.994998760204778
ACCATTACCTTCTA-1	1.00070378015294
ACCATTACGAGATA-1	1.00016951572735
ACCATTTGTCATTC-1	0.998758818845764
ACCCAAGAACTGTG-1	1.00218559293348
ACCCAAGAATTCCT-1	0.999573467148248
ACCCAAGAGGACAG-1	0.999573467148248
ACCCAAGATTCACT-1	0.998218113294488
ACCCACTGCGCCTT-1	0.996831153109433
ACCCACTGGACAGG-1	0.999573467148248
ACCCACTGGTTCAG-1	1.08607501718992
ACCCACTGTCGTAG-1	0.993162783836494
ACCCAGCTCAGAAA-1	0.99560014842591
ACCCAGCTGTTAGC-1	0.99708758436499
ACCCAGCTTGCTTT-1	1.0027909783086
ACCCGTTGATGACC-1	1.00139418384615
ACCCGTTGCTGCAA-1	1.00077632330607
ACCCGTTGCTTCTA-1	0.996744485637452
ACCCTCGACCTATT-1	1.00378397037971
ACCCTCGACGGTAT-1	0.999573467148248
ACCCTCGATAAGGA-1	0.994779349799816
ACCCTCGATCAAGC-1	0.99680966954323
ACCGTGCTACCAGT-1	1.00107207804352
ACCGTGCTGGAACG-1	0.995936009116413
ACCTATTGCTGAGT-1	0.994661558218773
ACCTATTGTGCCCT-1	0.996112340184439
ACCTCCGAGTCCTC-1	0.999019686834039
ACCTCCGATATGCG-1	0.999573467148248
ACCTCCGATGCTGA-1	0.999573467148248
ACCTCGTGAACCAC-1	1.00447677077126
ACCTGAGATATCGG-1	1.01551880660425
ACCTGGCTAAGTAG-1	1.0494209628853
ACCTTTGACTCCCA-1	1.02143292666839
ACCTTTGAGGAACG-1	0.994712741708834
ACCTTTGAGGAAGC-1	0.99776395688911
ACGAACACCTTGTT-1	1.00342538802358
ACGAACTGGCTATG-1	0.997187332569553
ACGAAGCTCTCCAC-1	1.00296185178265
ACGAAGCTCTGAGT-1	0.998590988804285
ACGACCCTATCTCT-1	0.990186168500248
ACGACCCTGATGAA-1	0.998929826795931
ACGACCCTTGACAC-1	1.00095664076515
ACGACCCTTGACCA-1	1.00238441615598
ACGAGGGACAGGAG-1	0.998336371273065
ACGAGGGACGAACT-1	1.0005204813284
ACGAGGGATGTAGC-1	1.00001361398539
ACGAGTACCCTAAG-1	0.998401634244206
ACGAGTACGAATCC-1	1.00033971741053
ACGATCGAGGACTT-1	1.00516288075765
ACGATCGAGTCACA-1	0.993680290244427
ACGATGACAATGCC-1	0.999573467148248
ACGATGACTGGTCA-1	0.998512911745439
ACGATTCTACGGGA-1	0.998716200023765
ACGCAATGGTTCAG-1	1.00424437120034
ACGCACCTGTTAGC-1	0.998755485587571
ACGCCACTGAACTC-1	0.988962283845189
ACGCCGGAAACCAC-1	0.998990285428792
ACGCCGGAAAGCCT-1	1.00017780419006
ACGCCGGAAATGCC-1	0.998275319788316
ACGCCTTGCTCCCA-1	0.995839734880352
ACGCGGTGGCGAGA-1	1.00012480386482
ACGCGGTGTGTGGT-1	1.0011096968621
ACGCGGTGTTTGCT-1	1.00488681448193
ACGCTCACAGTACC-1	0.996786034166798
ACGCTCACCCTTGC-1	0.998958345014619
ACGCTGCTGTTCTT-1	1.00747176495715
ACGGAACTCAGATC-1	1.00716901021169
ACGGAACTGTCGTA-1	0.995760726650544
ACGGAGGACTCTTA-1	0.996301540905537
ACGGATTGGGAGGT-1	1.00041273958078
ACGGATTGGTTAGC-1	1.0021530115796
ACGGCTCTGAGCAG-1	1.00187928829507
ACGGCTCTTGCACA-1	0.999573467148248
ACGGTAACCGCTAA-1	0.999573467148248
ACGGTAACCTTCGC-1	1.004748773561
ACGGTAACGGTGGA-1	0.999573467148248
ACGGTAACTCGCAA-1	1.00069030901098
ACGGTATGAGTCGT-1	0.997113483225816
ACGGTATGGGTATC-1	0.999573467148248
ACGGTATGGTTGTG-1	0.998244247112147
ACGGTCCTAACGGG-1	1.00089916140176
ACGGTCCTCGGGAA-1	1.00075779590079
ACGTAGACAACCAC-1	1.00026906455058
ACGTAGACTACAGC-1	0.999573467148248
ACGTCAGAAACGAA-1	1.00209128444585
ACGTCAGAGAGCTT-1	1.00172308750771
ACGTCAGAGGGATG-1	0.998676988702376
ACGTCCTGATAAGG-1	0.99751778906671
ACGTCCTGTGAACC-1	0.993416833386667
ACGTCGCTCCTGAA-1	1.00002637764537
ACGTCGCTCTATTC-1	0.997790106814353
ACGTCGCTTCTCAT-1	0.997836588838695
ACGTGATGCCATGA-1	0.997641457547575
ACGTGATGGGTCTA-1	1.00149387726765
ACGTGATGTAACCG-1	0.993910161385369
ACGTGATGTGACAC-1	1.00765231221704
ACGTGCCTCCGTAA-1	0.998308984583861
ACGTGCCTTCTATC-1	0.997000562470904
ACGTTACTTTCCAT-1	1.00237731979102
ACGTTGGAAAAGCA-1	0.998982702687759
ACGTTGGAAACCTG-1	1.00020650924271
ACGTTGGACCGTAA-1	0.994545431599213
ACGTTGGAGCCAAT-1	1.02380011312042
ACGTTGGATATGGC-1	1.00085826594921
ACGTTGGATCAGGT-1	0.99234887833045
ACGTTTACATCAGC-1	0.999573467148248
ACTAAAACCCACAA-1	0.997314544058648
ACTAAAACTCGACA-1	0.998528434772767
ACTACGGAATTTCC-1	1.00084115702415
ACTACGGACCTATT-1	1.00247709377758
ACTACGGATCGCTC-1	1.00184135930287
ACTACTACTAAGGA-1	1.00013565694979
ACTAGGTGGAACCT-1	1.00408282113538
ACTAGGTGGAACTC-1	0.999207457090706
ACTATCACCTTGGA-1	1.0044802092731
ACTATCACTGCCAA-1	1.00075499606923
ACTCAGGACTGAAC-1	0.969032711945756
ACTCAGGATCTATC-1	1.00035377430449
ACTCAGGATTCGTT-1	0.990040750159096
ACTCCTCTCAACTG-1	0.990094753235636
ACTCGCACGAAAGT-1	0.997985582371206
ACTCGCACTACGAC-1	0.995887724275283
ACTCTCCTGACACT-1	1.00060289399392
ACTCTCCTGCATAC-1	0.999086226852295
ACTCTCCTGTTTGG-1	1.00005264905963
ACTGAGACAACCAC-1	1.00031444080811
ACTGAGACCCATAG-1	0.994733819076395
ACTGAGACGTTGGT-1	1.00021897794395
ACTGCCACACACGT-1	1.00311303325005
ACTGCCACTCCGTC-1	1.01265199849411
ACTGGCCTTCAGTG-1	1.01102989657115
ACTGTGGACGTGTA-1	1.00234364765767
ACTGTGGATCTAGG-1	1.00082371538733
ACTGTTACCCACAA-1	1.00065760322975
ACTGTTACTGCAGT-1	1.001181791311
ACTTAAGAACCACA-1	1.00012328753722
ACTTAAGATTACTC-1	0.995732646909446
ACTTAGCTGCGTAT-1	0.994098852083995
ACTTAGCTGGGAGT-1	1.00068844034083
ACTTCAACAAGCAA-1	0.999288607226006
ACTTCAACGTAGGG-1	1.01456706915547
ACTTCCCTTTCCGC-1	1.00209445949919
ACTTCTGACATGCA-1	0.999573467148249
ACTTGACTCCACAA-1	1.00031225019862
ACTTGGGAGAAAGT-1	0.996628130965123
ACTTGGGAGGTTTG-1	1.00138264989422
ACTTGGGATGTGAC-1	0.995758301243102
ACTTGGGATTGACG-1	0.99287690528705
ACTTGTACCTGTCC-1	0.998394724852083
ACTTTGTGGAAAGT-1	1.00012087868557
ACTTTGTGGATAGA-1	0.990223336720581
AGAAACGAAAGTAG-1	0.998624204596351
AGAAAGTGCGCAAT-1	0.994569344659396
AGAAAGTGGGGATG-1	1.00026665263171
AGAACAGAAATGCC-1	1.0041128561907
AGAACAGACGACTA-1	1.0010179374765
AGAACAGAGACAAA-1	1.00000901114265
AGAACGCTTTGCTT-1	1.00249619658435
AGAAGATGTGACTG-1	1.00030898846329
AGAATGGAAGAAGT-1	1.00024748836682
AGAATTTGTAACCG-1	1.00200749344812
AGAATTTGTAGAGA-1	0.99783053172166
AGACACACTGTAGC-1	0.999573467148248
AGACACTGTCAAGC-1	0.994568449787706
AGACCTGAAGTAGA-1	0.997895391937591
AGACCTGACCAACA-1	1.00230205714046
AGACCTGAGGAAGC-1	0.998598273521762
AGACGTACAGAGGC-1	1.00083000199067
AGACGTACCCCTAC-1	1.00149387726765
AGACGTACCTCTTA-1	0.997266049172375
AGACGTACTCGTGA-1	0.994525116304065
AGACTGACCATCAG-1	0.999573467148248
AGACTGACCCTTTA-1	1.00048052111118
AGACTTCTCATGCA-1	0.999573467148248
AGAGATGACAGTCA-1	0.999573467148248
AGAGATGACTGAAC-1	0.999573467148248
AGAGATGAGGTTTG-1	0.993739380764115
AGAGATGATCTCGC-1	0.99997249847246
AGAGATGATTGTGG-1	1.00015529105229
AGAGCGGAGGCAAG-1	0.997198556587442
AGAGTCTGGTCGTA-1	0.993943000302152
AGAGTGCTCAGCTA-1	0.998756154419591
AGAGTGCTCGAATC-1	0.999573467148248
AGAGTGCTGTCATG-1	1.00028087936845
AGAGTGCTGTCCTC-1	1.00101689453763
AGAGTGCTGTGTTG-1	0.998606761667447
AGATATACCCGTAA-1	1.00442913284571
AGATATACGATGAA-1	0.999033449067671
AGATATACTGTTCT-1	1.00015972724628
AGATATTGCCTACC-1	1.00246910291635
AGATATTGGCCAAT-1	0.991857461436929
AGATCGTGTCTGGA-1	0.976731294681424
AGATCGTGTTTGTC-1	1.01843334388689
AGATCTCTATCACG-1	1.00152385440122
AGATTAACGTTCTT-1	0.996762715746777
AGATTCCTATCGTG-1	1.00122111572047
AGATTCCTCACTTT-1	0.997760456022828
AGATTCCTGACGAG-1	0.998037237434394
AGATTCCTGTTCAG-1	1.02552730454087
AGCAAAGATATGCG-1	1.00189940889845
AGCACAACAGTCTG-1	1.00196288579482
AGCACTGAGGGAGT-1	0.999573467148249
AGCACTGATATGCG-1	0.999573467148248
AGCACTGATGCTTT-1	0.999296959965082
AGCACTGATTGCGA-1	1.00203698770807
AGCATCGAAGATCC-1	1.00224850764909
AGCATCGAAGGGTG-1	0.998388436363248
AGCATCGAGCTTCC-1	0.997243459066318
AGCATCGAGTGAGG-1	1.00002210874033
AGCATCGATAACCG-1	0.996036048407077
AGCATGACGATGAA-1	1.00027492221291
AGCCAATGGGGAGT-1	0.997318790154681
AGCCAATGTATCTC-1	0.998084529510987
AGCCACCTGGATCT-1	1.03240617227356
AGCCGGTGCCAATG-1	1.00028163113489
AGCCGGTGTGTTTC-1	1.0007662755816
AGCCGTCTCAATCG-1	0.99913234911332
AGCCGTCTGAGAGC-1	1.00088352411699
AGCCTCACGTTCGA-1	0.998378519787641
AGCCTCACTGTCAG-1	0.992275261547054
AGCCTCTGCAGTTG-1	0.998643631364855
AGCCTCTGCCAATG-1	1.007729551649
AGCGAACTGGATCT-1	0.999573467148248
AGCGAACTTACTGG-1	0.999573467148248
AGCGATACGGAGCA-1	0.999573467148248
AGCGATTGAGATCC-1	1.01360256844156
AGCGCCGAATCTCT-1	0.998556607059593
AGCGCCGACAGAGG-1	0.997924005981337
AGCGCTCTACCTTT-1	1.00195340397479
AGCGGCACCGGGAA-1	0.999573467148248
AGCGGCTGATGTGC-1	1.00068968542535
AGCGGGCTTGCCAA-1	1.00192402203866
AGCGTAACATGCTG-1	1.00070165390575
AGCGTAACTGAGAA-1	0.993637215401822
AGCTCGCTACTGGT-1	0.999573467148248
AGCTCGCTCTGCTC-1	1.00107960496917
AGCTGAACCATACG-1	0.996069265685853
AGCTGAACCTCTCG-1	0.999009055252626
AGCTGCCTTGGGAG-1	1.00455887097442
AGCTGCCTTTCATC-1	0.999573467148248
AGCTGCCTTTCTGT-1	1.00015904035689
AGCTGTGATCCAAG-1	1.00144357653487
AGCTTTACAAGTAG-1	1.00076343556152
AGCTTTACACCAAC-1	1.00025810650931
AGCTTTACTCTCAT-1	0.999573467148248
AGGAAATGAGGAGC-1	0.999573467148248
AGGAACCTCTTAGG-1	0.993587997285085
AGGAACCTTGCCTC-1	0.998885055669496
AGGAATGATAACGC-1	1.0003030828177
AGGAATGATTTGTC-1	0.999573467148248
AGGAGTCTGGTTTG-1	1.0001094314738
AGGAGTCTTGTCAG-1	1.0009215095854
AGGATAGACATTTC-1	0.998327116191705
AGGATAGAGGATTC-1	1.00614000817331
AGGATGCTACTAGC-1	1.00105431672921
AGGATGCTTTAGGC-1	1.01060628687395
AGGCAACTGAAGGC-1	1.00147199225204
AGGCAGGAGTACCA-1	0.999573467148248
AGGCCTCTAGTCGT-1	0.999573467148248
AGGCCTCTCGGAGA-1	1.00180590370246
AGGCCTCTCGTAAC-1	1.00066114230293
AGGGACGACGTTGA-1	0.999573467148248
AGGGACGAGTCAAC-1	1.01958160994354
AGGGACGAGTTGTG-1	0.999573467148248
AGGGACGATAGAGA-1	0.998787020675276
AGGGACGATGCATG-1	0.99876278307108
AGGGAGTGAGCCTA-1	0.999573467148248
AGGGCCACCATACG-1	1.00161480166251
AGGGCGCTAACCAC-1	0.998067518421848
AGGGCGCTATGGTC-1	1.00238125778631
AGGGTGGACAGTCA-1	0.998959101157377
AGGGTGGACTCAAG-1	0.995093944568199
AGGGTGGAGTTGCA-1	0.999573467148248
AGGGTTTGTTCATC-1	0.993663202745303
AGGTCATGAGTGTC-1	1.00118049844591
AGGTCATGCTTATC-1	1.00044341794646
AGGTCTGATTCTCA-1	0.993926159424247
AGGTGGGAAGAATG-1	0.998918867628177
AGGTGGGAAGTTCG-1	1.001647271022
AGGTGTTGGTTACG-1	0.998897623019007
AGGTTCGAACCTCC-1	0.994625083647515
AGGTTCGAACGTAC-1	0.996170663855829
AGGTTCGAGGGTGA-1	0.998503260009974
AGTAAGGAGTTTGG-1	0.999573467148248
AGTAAGGATTCTTG-1	0.998632249194248
AGTAATACATCACG-1	1.00110420752673
AGTAATACCGAACT-1	0.997414561171686
AGTAATTGTCCCAC-1	1.0010179374765
AGTACGTGAGGGTG-1	1.00064654655474
AGTACGTGCTGCAA-1	0.99868967097924
AGTACGTGCTTGGA-1	0.998840373296288
AGTACTCTACGTGT-1	1.0005015762171
AGTACTCTCAACCA-1	1.00443757161126
AGTACTCTCGGTAT-1	1.00027003402431
AGTAGGCTTGCCTC-1	0.993264522187944
AGTATAACTTGTCT-1	0.992493857431516
AGTATCCTAGAACA-1	0.998873485728677
AGTCACGATGAGCT-1	1.00319219651443
AGTCAGACGAATAG-1	1.000850605309
AGTCAGACGCTTAG-1	0.993973615791676
AGTCAGACTAGAGA-1	0.998146524297216
AGTCAGACTGCACA-1	1.0028770621766
AGTCCAGATATCTC-1	0.999573467148248
AGTCCAGATTTCAC-1	1.00024432182419
AGTCGAACCAACCA-1	0.999573467148248
AGTCGCCTCCGTAA-1	0.999573467148249
AGTCTACTAGGGTG-1	0.993906950894574
AGTCTACTTGCATG-1	0.996484897446386
AGTCTTACACCACA-1	1.00009407832905
AGTCTTACTTCGCC-1	1.00025623590996
AGTCTTACTTCGGA-1	1.08867193775756
AGTGACTGCAACTG-1	0.9949618248546
AGTGTTCTAACCTG-1	0.998664350761574
AGTGTTCTATAAGG-1	1.0026490778164
AGTGTTCTCACTTT-1	0.994671194136241
AGTTAAACCACTTT-1	1.00086213083602
AGTTATGAACAGTC-1	0.996846649428047
AGTTATGACTGAGT-1	0.999573467148248
AGTTATGAGTTCAG-1	0.998653473160997
AGTTCTACCAGCTA-1	0.990478167174197
AGTTCTTGAAGCCT-1	0.998405741135225
AGTTGTCTACTACG-1	1.00091999629124
AGTTTAGATGGTCA-1	0.999573467148248
AGTTTCACGGTCTA-1	1.00326419995003
AGTTTGCTACAGTC-1	1.00206151560412
AGTTTGCTACTGGT-1	1.00252206144662
AGTTTGCTCCAAGT-1	1.00275075089634
ATAAACACAGTGCT-1	0.998976706869354
ATAAACACCACCAA-1	1.00003580455211
ATAACAACATGCTG-1	0.992037272399358
ATAACAACGTCTAG-1	1.00036867277048
ATAACAACTTTGTC-1	1.00043852423795
ATAACATGTACTCT-1	1.0015440407651
ATAACCCTGTTGGT-1	0.997178323057638
ATAACCCTTGGTAC-1	0.999573467148248
ATAAGTACGAATGA-1	0.999573467148248
ATAAGTTGGTACGT-1	0.999573467148249
ATAAGTTGTCTAGG-1	1.00184135930287
ATAATCGAGCTGAT-1	0.997619266821468
ATAATCGATGGTTG-1	1.000132200221
ATAATGACCTACTT-1	0.998950291669977
ATAATGACTCGTGA-1	0.996637862252072
ATACAATGTTAGGC-1	0.998978482941613
ATACCACTCGTACA-1	0.996332608292279
ATACCACTCTAAGC-1	0.998940825713345
ATACCACTGCCAAT-1	1.00248484617878
ATACCGGAATGCTG-1	0.995912025876643
ATACCGGACATTTC-1	0.993306548858918
ATACCGGACTTCGC-1	0.999573467148248
ATACCGGAGGTGTT-1	0.993226968944133
ATACCGGATCTCGC-1	1.00103804365689
ATACCTACGCATCA-1	1.00005127473293
ATACCTTGGGGCAA-1	0.998904408602634
ATACGGACAGACTC-1	0.996507290868653
ATACGGACCTACTT-1	0.999573467148248
ATACGGACGAGGTG-1	0.998456625285513
ATACGGACTATGCG-1	0.999573467148248
ATACGGACTCTGGA-1	0.993165944922939
ATACGTCTTAACGC-1	0.996175868687513
ATACTCTGCTTCGC-1	0.999573467148248
ATACTCTGGTATGC-1	1.00869736289301
ATAGATACCATGGT-1	1.00087077210237
ATAGATACGACGAG-1	1.00079097441639
ATAGATTGGTGTAC-1	0.999082758524219
ATAGCCGAACGGAG-1	0.998958723318514
ATAGCGTGCAGATC-1	1.00009762733029
ATAGCGTGCCCTTG-1	0.998700477220608
ATAGCGTGGTATCG-1	0.998357441032496
ATAGCGTGTCTCTA-1	0.99837994659046
ATAGCTCTCTGATG-1	1.00074392788261
ATAGCTCTGAGGTG-1	0.999573467148248
ATAGGAGAAACAGA-1	0.997673137362796
ATAGGCTGTCAGAC-1	1.00019048780698
ATAGTCCTAGTGTC-1	1.00348059470713
ATAGTCCTTGCATG-1	0.999573467148248
ATAGTCCTTGTCGA-1	0.999573467148248
ATAGTTGACAACTG-1	0.998969495264775
ATAGTTGACCCTCA-1	0.994890057328946
ATAGTTGAGACGTT-1	0.998397498363368
ATAGTTGATAAGCC-1	0.998870532220577
ATATACGAAGCCAT-1	1.00120675712725
ATATACGAATTGGC-1	0.998559358118338
ATATAGTGGAATGA-1	0.997156118981022
ATATGCCTAGATCC-1	1.00313827979856
ATATGCCTGGACAG-1	0.999573467148248
ATATGCCTTCTCTA-1	1.00081826598654
ATATGCCTTGGTAC-1	1.0015779593952
ATCAAATGAGCCTA-1	0.9974004813501
ATCAAATGGGTAAA-1	0.993939266570821
ATCAACCTAAACGA-1	0.998544040302576
ATCAACCTGAGGAC-1	1.00130783406638
ATCAACCTTCTCTA-1	1.00133121650431
ATCAACCTTTGTCT-1	1.00160305794449
ATCACACTTTGTCT-1	0.997416890088598
ATCACGGATTTCGT-1	0.998800999244734
ATCATCTGACACCA-1	1.09537923077268
ATCATGCTAGAGTA-1	1.00451369845211
ATCATGCTGAACCT-1	0.998714358023067
ATCCAGGACGCTAA-1	0.979958905076467
ATCCAGGATGGAAA-1	0.998964713514175
ATCCATACTCCTTA-1	1.0045922460628
ATCCATACTTCATC-1	0.993661017804673
ATCCCGTGCAGTCA-1	1.01951056259454
ATCCCGTGCATGCA-1	0.997769182911519
ATCCCGTGGCTGAT-1	0.999573467148248
ATCCGCACGCATCA-1	1.00074530005229
ATCCTAACGACGGA-1	1.00104776429743
ATCCTAACGCTACA-1	1.00029103604067
ATCGACGAAACTGC-1	0.996557512721508
ATCGACGAATGACC-1	1.00003666152598
ATCGAGTGGACGTT-1	1.00175276976558
ATCGCAGAATCTCT-1	0.995507405586967
ATCGCAGAGTGTCA-1	0.999573467148248
ATCGCCACTGAGGG-1	1.00465174047838
ATCGCCTGGGTCAT-1	1.0004964343386
ATCGCCTGTGGCAT-1	0.999573467148248
ATCGCGCTCAGAGG-1	0.995091074918884
ATCGCGCTGGGATG-1	0.999573467148248
ATCGCGCTTTTCGT-1	1.00115382045599
ATCGGAACCAGTCA-1	0.997288727794767
ATCGGTGAGTCAAC-1	0.998881720804201
ATCGGTGATTGCAG-1	1.00137450042239
ATCGTTTGCCTACC-1	0.997963199782726
ATCGTTTGGGTACT-1	0.989043724078214
ATCGTTTGTGCCAA-1	0.992155482234347
ATCTACACCCGCTT-1	0.999573467148248
ATCTACACCGGGAA-1	1.00011968215762
ATCTCAACAGGAGC-1	0.999573467148248
ATCTCAACCTCGAA-1	0.999573467148248
ATCTCAACCTTGTT-1	0.996993922716898
ATCTGGGAAACCAC-1	0.988398111614914
ATCTGGGAAGTGTC-1	0.997162920201749
ATCTGGGATTCCGC-1	0.999573467148248
ATCTGTTGAACGGG-1	1.00142567246106
ATCTGTTGACCTCC-1	1.00008449652818
ATCTGTTGCCTTCG-1	0.985348557380403
ATCTGTTGGTTGCA-1	0.997320145536102
ATCTTGACACCAAC-1	1.00006130192968
ATCTTGACCTCCCA-1	0.993070665782042
ATCTTTCTGCATCA-1	1.00413079298631
ATCTTTCTGTTTCT-1	0.998969130106442
ATCTTTCTTGTCCC-1	1.0103304663808
ATGAAACTCTGTGA-1	0.999573467148248
ATGAAACTGAGGCA-1	1.00023108127137
ATGAAGGAACAGCT-1	0.999573467148248
ATGAAGGACCTGTC-1	0.998925235327789
ATGAAGGACCTTAT-1	1.00112801375346
ATGAAGGACTAGTG-1	0.999573467148249
ATGAAGGACTTGCC-1	1.0065880177949
ATGACGTGACGACT-1	0.999573467148248
ATGACGTGATCGGT-1	0.994244438762843
ATGAGAGAAAGTGA-1	0.99776999675195
ATGAGAGAACGCAT-1	1.00230305061943
ATGAGAGAAGTAGA-1	0.999573467148248
ATGAGCACACAGCT-1	0.999187382379168
ATGAGCACATCTTC-1	1.00008501958794
ATGATAACTTCACT-1	1.01234756896484
ATGATATGAAACAG-1	0.999842966600162
ATGATATGACTGGT-1	1.00173821748317
ATGATATGAGCACT-1	1.00016214410181
ATGATATGGTCATG-1	1.0019089191743
ATGATATGGTGCTA-1	1.01106281734535
ATGATATGTTGTCT-1	0.996238379316963
ATGCACGAATGTCG-1	1.00064138751913
ATGCACGACTGTAG-1	1.00049050702637
ATGCACGAGAACCT-1	1.00009434962201
ATGCACGAGTTCGA-1	1.002984980688
ATGCACGATTGGTG-1	0.996003561908433
ATGCAGTGTTACCT-1	0.999573467148248
ATGCAGTGTTCTAC-1	1.00014140661822
ATGCCAGAACGACT-1	0.998950679941303
ATGCCAGACAGTCA-1	0.99299732591701
ATGCCGCTTGAACC-1	0.994001708691458
ATGCGATGCTATGG-1	0.994797051796975
ATGCGATGCTGAGT-1	1.00113286413288
ATGCGATGGTTACG-1	1.00074943593313
ATGCGCCTTCATTC-1	0.999573467148249
ATGCTTTGCGAATC-1	1.0017679204241
ATGCTTTGGGCGAA-1	1.00344778291239
ATGCTTTGTAGTCG-1	0.997946821961677
ATGGACACATCGGT-1	1.00089216565372
ATGGACACGCATCA-1	1.01350480466948
ATGGGTACAACCTG-1	0.998479841910668
ATGGGTACATCGGT-1	1.01370171403374
ATGGGTACTATTCC-1	0.999573467148248
ATGGGTACTGGGAG-1	0.998540316277811
ATGTAAACACCTCC-1	1.00082606547801
ATGTAAACCCGCTT-1	0.978217043790692
ATGTAAACGGGATG-1	0.996297370569831
ATGTAAACTCTCCG-1	1.0006899971311
ATGTAAACTTCACT-1	0.986544615908047
ATGTACCTCAGTCA-1	0.999573467148248
ATGTACCTTAGTCG-1	0.999573467148248
ATGTACCTTTATCC-1	0.999573467148248
ATGTACCTTTCACT-1	1.00014530551618
ATGTCACTAATGCC-1	0.997265871610392
ATGTCACTCTGCTC-1	0.999573467148248
ATGTCGGAGGTGAG-1	1.00076698770604
ATGTTCACAGTCTG-1	0.996671947649995
ATGTTCACCGTAGT-1	1.00010374484965
ATGTTGCTTTCAGG-1	1.00308567188173
ATTAACGATGAGAA-1	1.00875439451586
ATTAACGATGCAAC-1	1.00172772031021
ATTAAGACTGCAGT-1	0.999573467148248
ATTACCTGCCTTAT-1	0.984779021144916
ATTACCTGGAGGAC-1	0.992475904067906
ATTAGATGTTTCAC-1	0.998956446489515
ATTATGGAATCTCT-1	1.00007652374973
ATTCAAGAACGGGA-1	1.0003951469404
ATTCAAGACCTTTA-1	1.00028949398718
ATTCAGCTCATTGG-1	1.08842444200587
ATTCCAACCATTGG-1	0.993620672306671
ATTCCAACTTAGGC-1	1.00107998330069
ATTCGACTCACTAG-1	0.996258132265502
ATTCGACTGAATAG-1	0.99099626908031
ATTCGACTTTTGTC-1	0.996232274500399
ATTCGGGAAAGGCG-1	0.997300676181563
ATTCGGGATTAGGC-1	0.999168289415314
ATTCTTCTGATACC-1	0.998026139799722
ATTGAATGGACGGA-1	1.00132250208639
ATTGATGAAGGTTC-1	1.00120764720353
ATTGATGACTGAGT-1	1.00146929164734
ATTGATGAGCGAAG-1	1.00017890231914
ATTGATGATCTATC-1	1.00077343529609
ATTGCACTGACGGA-1	0.998322436526035
ATTGCACTGAGAGC-1	0.996789139941707
ATTGCACTGGAGCA-1	0.997010458258125
ATTGCACTTAGCCA-1	0.999004557946684
ATTGCACTTGCTTT-1	0.996371571941891
ATTGCTTGTTACTC-1	0.999022434365918
ATTGGTCTGACTAC-1	0.998993668153383
ATTGGTCTTGTCTT-1	0.995787204015111
ATTGTAGATTCCCG-1	0.994669801804634
ATTGTAGATTGCAG-1	1.00054204608928
ATTGTCTGCGTACA-1	0.998973122723535
ATTTAGGAACCATG-1	0.984907910487386
ATTTAGGACAGAGG-1	0.998422547784808
ATTTCCGAGATGAA-1	0.998496920603124
ATTTCCGAGTGCTA-1	1.00335400219798
ATTTCGTGTATGGC-1	1.0021233994624
ATTTCTCTACTTTC-1	0.994879059721185
ATTTCTCTAGCAAA-1	0.997215982555918
ATTTCTCTCACTTT-1	0.996156121961417
ATTTCTCTTCCCAC-1	1.00219015161722
ATTTGCACAAGATG-1	0.997821366417051
CAAAGCACAGCTCA-1	1.00012724746246
CAAAGCACCGTAAC-1	0.999573467148248
CAAAGCACGGTAAA-1	1.00109488795061
CAAAGCTGAAAGTG-1	0.997376602385285
CAAAGCTGTTGCTT-1	0.995236922822226
CAAATATGTGACAC-1	0.999573467148249
CAAATTGAGGGCAA-1	1.00022507957794
CAAATTGATGGAGG-1	0.996400218046191
CAACCAGAAAAGTG-1	0.999573467148248
CAACCAGAAGTGCT-1	1.00020691041007
CAACCAGAGTTCAG-1	0.996336273479902
CAACCAGATAGAAG-1	0.994150826277643
CAACCGCTGTTCAG-1	0.999573467148248
CAACCGCTTTGAGC-1	0.998412522354813
CAACGATGCGCAAT-1	0.994533071474006
CAACGTGACTCCAC-1	1.0005089593964
CAACGTGAGCCATA-1	0.999573467148248
CAACGTGATCAAGC-1	0.997190693686632
CAAGAAGACCACAA-1	1.01766529460795
CAAGAAGACGTCTC-1	0.997547578483578
CAAGAAGATTCTAC-1	1.00004922796079
CAAGACTGACCTGA-1	0.9972703024774
CAAGACTGAGTAGA-1	0.999060075536976
CAAGCTGACCATAG-1	0.995748080745079
CAAGCTGATCTATC-1	1.00399962272234
CAAGGACTGTTCAG-1	0.99999222436113
CAAGGACTTCTTTG-1	1.00205585158653
CAAGGTTGCTCCAC-1	0.999573467148248
CAAGGTTGTCATTC-1	0.998855898255823
CAAGGTTGTCTGGA-1	1.01383045796336
CAAGTCGAAACAGA-1	1.00019278156408
CAAGTCGATAGCGT-1	0.992013667816875
CAATAAACGCCATA-1	0.996598546115069
CAATAATGAACTGC-1	0.995575173279656
CAATATGACATGGT-1	0.997654900032801
CAATATGACCTTCG-1	1.00336547574896
CAATATGACGTTAG-1	1.00426630032735
CAATATGAGGAGCA-1	0.998723850941578
CAATCGGAGAAACA-1	1.0044589679652
CAATCTACTGACTG-1	1.00064712285947
CAATTCACCCAACA-1	1.00711741784371
CAATTCACGATAGA-1	1.00115340413531
CAATTCACTTGTGG-1	1.00200848168454
CAATTCTGCTTGTT-1	0.994520863270498
CAATTCTGGCGTAT-1	0.996333358664786
CACAACGATACGAC-1	1.00061740810611
CACAATCTTGTTCT-1	0.998662278937539
CACAATCTTTCCAT-1	0.999923948728595
CACACCTGCTTGAG-1	1.0012865322162
CACACCTGTATGGC-1	1.00303219886848
CACAGAACCCTTGC-1	1.00099837586835
CACAGAACCTGATG-1	0.999573467148248
CACAGATGGGATTC-1	0.999982792892371
CACAGATGGTTTCT-1	1.00433982564282
CACAGCCTGATACC-1	0.997653978973216
CACAGCCTTGCCAA-1	0.991874570097042
CACAGCCTTGTAGC-1	1.00062014093584
CACAGTGATGAAGA-1	0.994534370842735
CACATACTACAGCT-1	1.00186431543048
CACATGGAACACGT-1	0.999573467148248
CACATGGAAGTCGT-1	1.00212470111238
CACCACTGCCAACA-1	1.00074324300214
CACCACTGGCGAAG-1	1.00024207816306
CACCCATGTTCTGT-1	0.999573467148248
CACCGGGAATCGAC-1	0.998154290431994
CACCGGGACGAGAG-1	1.0035110103503
CACCGGGACGTGTA-1	1.00080852497421
CACCGGGACTTCTA-1	0.999952380517145
CACCGGGACTTGCC-1	1.00337123867997
CACCGGGATTCGGA-1	1.00274068345734
CACCGTACTAAGGA-1	1.00035560601143
CACCGTACTAGCGT-1	1.00054486993459
CACCTGACACCCAA-1	1.00084357320562
CACCTGACCAGAAA-1	1.00115507073551
CACCTGACCTCAAG-1	0.999573467148248
CACCTGACGAAAGT-1	0.998805155490179
CACCTGACTCGTAG-1	1.00207083995811
CACGAAACTTCCGC-1	0.997714372045059
CACGACCTCGATAC-1	0.99644980006341
CACGCTACAGAAGT-1	0.999573467148248
CACGCTACTGTTCT-1	0.998630473311316
CACGGGACAGAGTA-1	0.999573467148248
CACGGGACATAAGG-1	1.00012510813453
CACGGGACGTAGGG-1	0.999573467148248
CACGGGTGCTTCGC-1	1.00658187007304
CACGGGTGGAGGAC-1	1.00045259948523
CACGGGTGTGTTTC-1	0.999573467148248
CACTAACTCCTAAG-1	0.993364936296396
CACTAACTGAAAGT-1	0.999000645677103
CACTAGGATGATGC-1	1.00319948939909
CACTATACCCCGTT-1	0.992017296230281
CACTATACGTTTGG-1	0.998798002860314
CACTGAGACAGTCA-1	0.999573467148248
CACTGCACTTCATC-1	0.998873485728677
CACTGCTGAGACTC-1	0.995530248629447
CACTGCTGGAAAGT-1	1.00039785763662
CACTTAACCGAATC-1	1.00079693528429
CACTTAACCGTACA-1	0.996725679492556
CACTTTGACTCTAT-1	1.00325853062161
CACTTTGAGCTGTA-1	1.00300842751646
CAGAAGCTCTCAAG-1	0.998419891306185
CAGACATGAACGGG-1	0.999573467148248
CAGACATGTCGACA-1	1.00062399102334
CAGACCCTAAGGTA-1	0.993441114589057
CAGACCCTAATGCC-1	1.00075569478533
CAGACCCTAGGAGC-1	1.0005665853471
CAGACTGAGTATGC-1	1.00240111486295
CAGATCGAATGTCG-1	0.998968031977353
CAGATCGACCTGAA-1	1.00099736097609
CAGATCGATATGGC-1	1.00217381435727
CAGATGACATTCTC-1	1.01928568014049
CAGCAATGCCTTCG-1	1.00011087223811
CAGCAATGGAGGGT-1	1.00507570641695
CAGCAATGGTGCTA-1	1.00445538884372
CAGCAATGTCTACT-1	0.995239273252755
CAGCAATGTGACCA-1	0.998872012083583
CAGCAATGTGAGGG-1	0.998301745179867
CAGCACCTAAGCCT-1	1.00029258475051
CAGCACCTAGGCGA-1	1.00047969875944
CAGCACCTGTAGGG-1	0.992806892342431
CAGCATGACAACCA-1	1.00130883775094
CAGCATGAGACGTT-1	0.998298500991172
CAGCCTACCCAACA-1	0.998173504309105
CAGCCTTGCTACCC-1	0.998073732013743
CAGCCTTGGGGACA-1	1.00110498931446
CAGCGGACACCCTC-1	1.0009521891719
CAGCGGACCTTTAC-1	1.00359050720377
CAGCGTCTAAAGCA-1	1.00001811726709
CAGCGTCTTATCGG-1	1.00009983548271
CAGCTAGATGTGAC-1	0.998479841910668
CAGCTCTGAGGCGA-1	1.00026665263171
CAGCTCTGCAAGCT-1	1.00507570641695
CAGCTCTGTCGTAG-1	0.997020278215558
CAGCTCTGTGTGGT-1	1.00828607264637
CAGGAACTAACTGC-1	1.00097736246728
CAGGAACTCTCAGA-1	0.989701136608513
CAGGCCGAACACCA-1	1.00160822229766
CAGGCCGAACACGT-1	1.00162668207563
CAGGCCGAACGACT-1	1.00075920079848
CAGGCCGAATCTCT-1	0.997920368801256
CAGGCCGACTAGCA-1	1.00132607989018
CAGGGCACCATACG-1	0.99851683557621
CAGGGCACCCAACA-1	1.00136696021131
CAGGGCACTCCCGT-1	0.999573467148248
CAGGTAACAGACTC-1	0.997362021424469
CAGGTATGAGTCGT-1	0.998927747854225
CAGGTATGTGCTTT-1	0.999053126977948
CAGGTTGAGGATCT-1	0.999921568651696
CAGTGATGGACGGA-1	0.997694569653609
CAGTGATGGCTAAC-1	1.00053183097102
CAGTGATGGGACAG-1	0.999573467148248
CAGTGATGTAAGGA-1	0.999573467148248
CAGTGATGTACGCA-1	0.999573467148248
CAGTGTGATGTCAG-1	1.00080219912999
CAGTTACTAAGGTA-1	1.0005204813284
CAGTTACTGATAGA-1	1.00019163255774
CAGTTGGAAAGAGT-1	0.997667339255136
CAGTTGGACATACG-1	1.0001079984141
CAGTTTACACACGT-1	1.00392069881169
CAGTTTACCCCAAA-1	1.00022678313985
CATAAAACGGAGCA-1	0.999573467148248
CATAAATGAACTGC-1	1.00017780419006
CATAACCTTCTCCG-1	0.996523330151719
CATACTACCTCGAA-1	1.0018766318191
CATACTACCTGAAC-1	0.99904121290589
CATACTACGTACCA-1	0.995345152989415
CATACTTGGGTTAC-1	0.997442180437911
CATAGTCTAATCGC-1	0.999573467148248
CATAGTCTCACTTT-1	1.0005592397983
CATATAGACTAAGC-1	0.998143462188094
CATATAGATCAGGT-1	1.00104450977834
CATCAACTAGAAGT-1	0.998802785986222
CATCAACTCCCTCA-1	0.999232432188457
CATCAGGACTTCCG-1	1.00475260428373
CATCAGGATAGCCA-1	1.03196188116758
CATCAGGATCCTAT-1	0.993331221765569
CATCAGGATGCACA-1	0.999573467148248
CATCAGGATTTCGT-1	1.00359589558748
CATCATACCGCATA-1	0.994102117643858
CATCATACGGAGCA-1	0.996621970690134
CATCATACTCAAGC-1	0.999012853874469
CATCGCTGGGATCT-1	0.998140729259359
CATCGCTGTGGCAT-1	1.00090180398167
CATCGGCTATGCTG-1	0.999961199292216
CATCGGCTTTGGCA-1	0.999573467148248
CATCTCCTATGTGC-1	0.999573467148249
CATCTCCTCGAACT-1	0.994182855229884
CATGAGACACGGGA-1	0.997687479474384
CATGAGACGTTGAC-1	1.01036994024076
CATGAGACTCGCCT-1	1.00184780950809
CATGCCACGGGTGA-1	1.0001105834659
CATGCCACTGCCAA-1	0.997834070163652
CATGCGCTAGTCAC-1	0.994600464824128
CATGCGCTCAGATC-1	0.995026999136528
CATGCGCTTTGCAG-1	0.993324180076362
CATGGCCTAGGGTG-1	0.997482309267185
CATGGCCTGTGCAT-1	1.00142538649452
CATGTACTATCGTG-1	1.00320827975606
CATGTTACAGTCGT-1	1.02974684733834
CATGTTACCTGAGT-1	1.0001638826634
CATGTTTGGGGATG-1	0.998954536208838
CATTACACACGGAG-1	1.00048966647652
CATTACACCAACTG-1	1.00939383805356
CATTACACGGAGTG-1	0.999573467148248
CATTACACTACTCT-1	0.999573467148248
CATTAGCTCCACAA-1	0.996019077103075
CATTGACTAGCGGA-1	0.993770428151742
CATTGGGACTCGAA-1	1.00256321829625
CATTGTACAGCGTT-1	1.00138867320239
CATTGTACTCGATG-1	0.999573467148248
CATTGTACTTATCC-1	0.998766708901963
CATTGTACTTTGCT-1	0.996341739158762
CATTGTTGCTAGTG-1	0.999573467148248
CATTTCGACTCTAT-1	0.998796193845645
CATTTCGAGATACC-1	1.01452036011495
CATTTGACCACACA-1	1.00220623308455
CATTTGACCCTGAA-1	1.00294755480107
CATTTGTGACGACT-1	0.999050404109448
CATTTGTGCATTGG-1	1.00166681472343
CATTTGTGCGGAGA-1	1.00060395525871
CATTTGTGGGATCT-1	0.997398116838894
CCAAAGTGCTACGA-1	0.997421996060973
CCAAAGTGTGAGAA-1	0.999573467148248
CCAACCTGAAGTAG-1	1.00231766335181
CCAACCTGACGTAC-1	0.996401896126097
CCAACCTGTTCGCC-1	0.997551676154826
CCAAGAACCCAATG-1	1.0003233347155
CCAAGAACGTAGCT-1	1.00201343492811
CCAAGAACGTGTCA-1	0.99849575990604
CCAAGAACTACTGG-1	1.00397687449251
CCAAGAACTCCTAT-1	1.00114512354314
CCAAGATGTCATTC-1	0.999573467148249
CCAAGATGTTTCAC-1	1.00229895717456
CCAAGTGAGGAACG-1	0.998712137146397
CCAAGTGATCAAGC-1	0.999073180127654
CCAATTTGAACGTC-1	0.994434271944401
CCACCATGAACGTC-1	1.00076556430645
CCACCATGATCGGT-1	1.00106092766484
CCACCATGGACGAG-1	0.996537095741358
CCACCATGGGGAGT-1	1.00216303571599
CCACCATGTCCTGC-1	1.00313320171786
CCACTGACCCGCTT-1	1.00024342255518
CCACTGTGGGAAGC-1	0.994931485102668
CCACTGTGTGTAGC-1	1.00012419633125
CCACTTCTCGGGAA-1	0.994157821428405
CCAGAAACCCTGTC-1	1.00219358108573
CCAGAAACGAACTC-1	0.999051223957471
CCAGAAACGGTCTA-1	1.00136722841725
CCAGACCTCTGAGT-1	0.993103735969295
CCAGACCTTGTGGT-1	0.998658106830347
CCAGCACTGCGATT-1	0.996531140058518
CCAGCGGAAAGGCG-1	0.998712508089551
CCAGCGGACGACTA-1	0.997371763476116
CCAGCGGATGGGAG-1	0.999573467148248
CCAGCTACACAGTC-1	1.00188372939898
CCAGCTACCAGCTA-1	1.00090801116313
CCAGGTCTACACCA-1	0.998491677681638
CCAGGTCTAGCATC-1	1.00038218354562
CCAGGTCTATGGTC-1	1.00001990460566
CCAGTCACACTGGT-1	0.998773488383024
CCAGTCACACTGTG-1	0.998758154369172
CCAGTCACGTTGTG-1	1.00018111059332
CCAGTGCTAACCAC-1	0.998781412102965
CCAGTGCTCGTAGT-1	1.00008738666863
CCATCCGAAAGCAA-1	0.999573467148248
CCATCCGAACGACT-1	1.00413079298631
CCATCCGAAGGTTC-1	0.999573467148248
CCATCCGATTCGCC-1	0.996379941694101
CCATCGTGAACGGG-1	0.999573467148248
CCATCGTGCTAGAC-1	0.995940541774397
CCCAACACCTCGCT-1	0.997724972525691
CCCAACACGCATCA-1	0.997154656580437
CCCAACACTTTGTC-1	0.993809863960408
CCCAACTGCAATCG-1	0.994974202728855
CCCAGACTGCCTTC-1	0.993204913346551
CCCAGACTGGTTTG-1	1.00011377713049
CCCAGACTTTCGCC-1	0.99417380113569
CCCAGTTGCAGTTG-1	0.995171822577139
CCCAGTTGGGTACT-1	0.999573467148248
CCCAGTTGTCTATC-1	0.996646458459674
CCCGATTGTGTTTC-1	0.999573467148248
CCCGGAGAAGGGTG-1	1.00233471981993
CCCTACGAATTGGC-1	0.992277310453736
CCCTAGTGCAAAGA-1	1.00358092091116
CCCTCAGACACTTT-1	1.00026425738125
CCCTCAGACGAGAG-1	1.00135285916809
CCCTCAGAGGTCAT-1	0.999573467148248
CCCTGAACTAAAGG-1	1.0012939034084
CCCTGATGCAACCA-1	1.00042453012581
CCCTGATGCAAGCT-1	0.99880692307835
CCCTTACTAACCAC-1	0.997909591214585
CCCTTACTGCAGTT-1	1.00238125778631
CCGAAAACCTTGTT-1	0.991702809926609
CCGACACTGGTTTG-1	0.999573467148248
CCGACTACCCAGTA-1	0.99374374302401
CCGACTACCGTGTA-1	1.00313700892061
CCGACTACTGAGGG-1	1.00078287243215
CCGATAGACCTAAG-1	0.998816214521621
CCGATAGAGTTGGT-1	0.997325213735859
CCGCGAGACACACA-1	0.998306580624613
CCGCGAGAGGTTCA-1	0.998112102430195
CCGCTATGGGACGA-1	0.998860504618186
CCGCTATGTGCAAC-1	0.994450368512523
CCGCTATGTGCACA-1	0.997192396478529
CCGGTACTGTCCTC-1	1.00282764012866
CCGTACACAAGCAA-1	1.00113652182714
CCGTACACAGCGTT-1	1.00029103604067
CCGTACACGTCATG-1	1.0065880177949
CCGTACACGTTGGT-1	0.996090632767941
CCGTACACTAACGC-1	0.998195695312069
CCTAAACTTTCGTT-1	0.999573467148248
CCTAAGGACCCAAA-1	0.998938817327837
CCTAAGGACTAGCA-1	0.999573467148248
CCTAAGGAGGGCAA-1	1.00148469748696
CCTAAGGATGATGC-1	0.999057425089834
CCTAAGGATGTCAG-1	1.00093035420773
CCTACCGACTCTTA-1	1.00026330390957
CCTACCGAGGGATG-1	1.00013597331997
CCTAGAGAGGTGAG-1	0.999573467148248
CCTATAACCAAAGA-1	1.00006953338505
CCTATAACGAGACG-1	0.99604452286882
CCTATAACTCAGAC-1	1.00147923162327
CCTATAACTGCATG-1	0.996490742500143
CCTCGAACACTTTC-1	1.01097938845388
CCTCGAACCCGTAA-1	0.993735594854716
CCTCGAACGTATCG-1	1.00039616135989
CCTCGAACTTACTC-1	0.999573467148248
CCTCTACTCTTCGC-1	0.995554149154766
CCTCTACTGGCATT-1	1.0007529048676
CCTGACTGAAGTAG-1	1.00022211962531
CCTGACTGGGGAGT-1	1.00269713423309
CCTGACTGTGTCTT-1	0.998730656467685
CCTGCAACACGTTG-1	0.998246893203792
CCTGGACTCGTGAT-1	1.00058008695404
CCTTAATGCCCAAA-1	0.998082678979496
CCTTAATGTTCTAC-1	0.997371763476116
CCTTCACTACGACT-1	1.00279789768744
CCTTCACTCAGTCA-1	1.00067310792619
CCTTCACTGGAGTG-1	0.997993113840504
CCTTTAGATTCATC-1	0.996000726399903
CGAACATGCCCTAC-1	0.99784010275435
CGAACATGTCAGAC-1	0.998964713514175
CGAAGACTGGAACG-1	1.00137450042239
CGAAGACTGTTACG-1	0.997219683473645
CGAAGGGAAACCTG-1	1.00024658059414
CGAAGGGATCCGAA-1	0.998092617567288
CGAAGTACCAACTG-1	0.999573467148249
CGAATCGAGGAGCA-1	1.00205379833224
CGAATCGAGGAGGT-1	0.999573467148248
CGACAAACCCATAG-1	1.00002617252286
CGACAAACCGACAT-1	1.00022849563262
CGACCACTAAAGTG-1	1.00201542187255
CGACCACTGCCAAT-1	1.01608018495437
CGACCGGAAGGTCT-1	0.998609558308183
CGACCGGATGGAAA-1	1.00105945347206
CGACCTTGCTAGTG-1	1.00031279663578
CGACGTCTATCGTG-1	0.997587559597623
CGACGTCTCGTGTA-1	1.00025160382881
CGACGTCTGAGGCA-1	0.999573467148248
CGACTCACGTCGTA-1	0.999573467148248
CGACTCACGTTGCA-1	0.999573467148248
CGACTCTGTGTGAC-1	0.999573467148248
CGACTGCTTCCTCG-1	1.0058425690328
CGAGAACTAAGGCG-1	1.00309309203257
CGAGAACTACGTTG-1	1.00027344856782
CGAGAACTTGTTCT-1	0.994567256127473
CGAGATTGGACACT-1	1.0035526608869
CGAGATTGGCCATA-1	0.999573467148248
CGAGCCGAACACCA-1	1.00011789714125
CGAGCCGAGGCGAA-1	1.00012268333899
CGAGCGTGCTCCAC-1	1.00158144920359
CGAGCGTGGATACC-1	1.00104885233961
CGAGCGTGTATGCG-1	0.996876776139755
CGAGGAGACCTCCA-1	0.999573467148248
CGAGGAGATGTCGA-1	1.00201145121446
CGAGGCACCTATGG-1	1.00099230812362
CGAGGCACTATGCG-1	0.996170084556665
CGAGGCACTCTTCA-1	1.00034236981529
CGAGGCTGACGCTA-1	1.01157314862662
CGAGGCTGGCAGTT-1	1.00284309998471
CGAGGGCTACGACT-1	0.998750772936604
CGAGGGCTCGAATC-1	0.999573467148248
CGAGTATGTCACCC-1	0.995606905770676
CGATACGAACAGTC-1	1.00096627736722
CGATACGACAGGAG-1	0.999330734397605
CGATACGATTCACT-1	0.998856413011126
CGATAGACCCGTAA-1	0.996211672976225
CGATAGACCGTACA-1	1.00241922790881
CGATAGACGTAGGG-1	0.998849138548866
CGATAGACTGTTCT-1	1.0006018349128
CGATCAGAAGAACA-1	0.998316932305825
CGATCAGAGAGGGT-1	1.00107132948663
CGATCAGAGGTACT-1	0.999573467148248
CGATCAGATGTGAC-1	0.996974359541362
CGATCCACCGGGAA-1	1.00176455322266
CGATCCACTTCCAT-1	1.00200551937975
CGCAAATGCTCGAA-1	0.999573467148248
CGCAACCTCCTTGC-1	1.00076060903322
CGCAACCTGGACGA-1	1.00015733015476
CGCACGGAGGACGA-1	1.00079394757212
CGCACGGATCTTTG-1	1.00152322033514
CGCACTACAGAATG-1	0.999573467148248
CGCACTACAGCCAT-1	1.00035744633817
CGCACTACATTGGC-1	1.00145060041989
CGCACTACTCGCCT-1	1.00065642865112
CGCACTACTCGTGA-1	0.999573467148249
CGCACTTGTCACGA-1	1.00003644698482
CGCAGGACAGATCC-1	1.00017671003729
CGCAGGACCTACTT-1	1.00216303571599
CGCAGGACTTGTCT-1	0.991711980514691
CGCAGGTGCACTGA-1	1.00097016971064
CGCAGGTGCCATAG-1	0.996797730892669
CGCAGGTGGGAACG-1	1.00022211962531
CGCATAGATCACGA-1	0.996544456641739
CGCCATACTGCAAC-1	1.00072504948367
CGCCATTGAGAGGC-1	1.00003051948805
CGCCATTGCTATGG-1	1.00033302145459
CGCCATTGGAGACG-1	0.997272952839507
CGCCATTGGAGCAG-1	0.998234453796409
CGCCATTGTACTGG-1	0.996917381761672
CGCCGAGAGCTTAG-1	1.0098295485002
CGCCTAACGAATGA-1	0.994654003760253
CGCCTAACTGCTCC-1	0.99993920936089
CGCGAGACACAGCT-1	0.99835298672438
CGCGAGACAGGTCT-1	0.998289218582319
CGCGAGACGCTACA-1	1.00168375595996
CGCGATCTCAGTCA-1	0.996900810818975
CGCGATCTGTTGAC-1	1.00146183012145
CGCGATCTTTCTTG-1	0.999573467148248
CGCGGATGGCCAAT-1	1.00018632641689
CGCTAAGAATGTCG-1	0.997480119573069
CGCTAAGACAACTG-1	0.998617394965419
CGCTAAGACCCTTG-1	1.00060289399392
CGCTACTGAACAGA-1	0.9988576966741
CGCTACTGAGAACA-1	1.00223899639398
CGCTACTGTGAGCT-1	1.00091969404003
CGCTACTGTTCCCG-1	1.0017464529464
CGCTCATGCATTTC-1	0.998647936160148
CGGAATTGGTTTGG-1	1.00166754564088
CGGAATTGTGGAGG-1	0.99773093541157
CGGACCGATGCGTA-1	1.01224634787279
CGGACCGATGGGAG-1	1.00243347706856
CGGACTCTAAACAG-1	1.00274923670233
CGGACTCTCCAATG-1	0.999573467148248
CGGACTCTCCTCGT-1	0.979763588360835
CGGAGGCTATTCCT-1	1.00453002979526
CGGAGGCTTGGATC-1	1.00135365141744
CGGATAACAACGAA-1	0.997023534834095
CGGATAACAGCTCA-1	1.00070292869305
CGGATAACTCAGTG-1	1.00097147199741
CGGCACGAACTCAG-1	0.998967665046946
CGGCACGAAGGGTG-1	0.997971586591921
CGGCACGACTACGA-1	0.995068629289293
CGGCATCTTAGAAG-1	0.998148558428151
CGGCATCTTCGTAG-1	0.995298131531703
CGGCCAGAAAGGTA-1	1.0014798373971
CGGCCAGAGAGGCA-1	1.00017453357468
CGGCGAACCAGTCA-1	0.997761989317244
CGGCGAACGACAAA-1	1.00464744413885
CGGCGAACGGTCTA-1	1.0001211786371
CGGCGAACTACTTC-1	1.00912629785079
CGGGACTGCGTGTA-1	0.986053802494082
CGGGACTGGAATAG-1	1.00641517465782
CGGGCATGACCCAA-1	1.01427307695925
CGGGCATGTCTCTA-1	1.00207240081612
CGGGCATGTTGTGG-1	1.00017237276068
CGGTAAACTCGCAA-1	0.999573467148248
CGGTCACTGTTTGG-1	0.998954919210657
CGGTCACTTACTTC-1	1.00083928411804
CGTAACGATCGCCT-1	0.99843066211721
CGTACCACACACAC-1	1.00023368740396
CGTACCACACGTTG-1	0.997783186311565
CGTACCACCTCATT-1	1.00236557180509
CGTACCACGGAGCA-1	0.999573467148248
CGTACCTGGCATCA-1	1.0043647120477
CGTAGCCTCTCTCG-1	0.996628347916816
CGTAGCCTGCGAAG-1	0.998931892393981
CGTAGCCTGTATGC-1	0.994867746628131
CGTCAAGAAAGGTA-1	0.997150258743041
CGTCAAGAACGTGT-1	0.997677642649153
CGTCAAGACAGAGG-1	0.999080337662729
CGTCAAGACAGGAG-1	1.00365891728646
CGTCCATGCTCTTA-1	0.999573467148248
CGTCGACTTTCCGC-1	1.00094274587037
CGTGATGACGCTAA-1	1.0012040927064
CGTGATGAGGTTCA-1	1.00036740953677
CGTGCACTTATGGC-1	0.995042309092273
CGTGTAGAAAAACG-1	1.00160787718993
CGTGTAGACGATAC-1	1.00238652568619
CGTGTAGAGTTACG-1	1.00551446843888
CGTGTAGAGTTCAG-1	0.996767646889587
CGTGTAGATTCGGA-1	1.01160444167762
CGTTAGGAAACCAC-1	1.00083875001806
CGTTAGGATCATTC-1	0.998872995202104
CGTTATACCCTGAA-1	1.00768486232486
CGTTTAACTGGTCA-1	0.999573467148248
CTAAACCTCTGACA-1	1.00543415848658
CTAAACCTGTGCAT-1	0.997408716813331
CTAACACTAACGTC-1	0.999573467148248
CTAACACTAGTGCT-1	0.994741692080462
CTAACGGAACCGAT-1	1.00939070655774
CTAACGGATTTCTG-1	1.00014661707207
CTAACTACGGCAAG-1	1.0006323373465
CTAAGGACACCATG-1	1.00084035367188
CTAAGGACCGTTAG-1	0.999812370940588
CTAAGGACGCCATA-1	0.995191508451544
CTAAGGTGCCTAAG-1	1.00074943593313
CTAAGGTGTTGCAG-1	0.998692397543005
CTAAGGTGTTTCTG-1	1.00088524335186
CTAATAGAGCTATG-1	0.999573467148249
CTAATGCTTGTGGT-1	0.999573467148248
CTACAACTCCCGTT-1	0.986775693647024
CTACCTCTCAACCA-1	0.989698427406938
CTACGCACACCTAG-1	0.996701129598972
CTACGCACTCTCCG-1	0.991169276147528
CTACGCACTGGTCA-1	1.00452798247488
CTACGGCTTTCTTG-1	0.993367203838709
CTACTATGAACCAC-1	0.994834110191942
CTACTATGATGTGC-1	0.993165944922939
CTACTATGCTAAGC-1	0.999573467148248
CTACTATGTAAAGG-1	0.995165204889601
CTACTCCTATGTCG-1	1.00645652851346
CTACTCCTGCCATA-1	1.00452185064898
CTAGAGACACTTTC-1	1.00446679520282
CTAGAGACAGCATC-1	1.0009009219519
CTAGAGACTTTGGG-1	0.993806193013116
CTAGATCTCTCTAT-1	0.998808096959008
CTAGATCTTCGACA-1	0.999005527678278
CTAGGATGAGCCTA-1	1.00035458733617
CTAGGATGATCGTG-1	1.000190107165
CTAGGCCTCTCAGA-1	1.00157261408254
CTAGGTGATGGTTG-1	0.991943135337957
CTAGTTACCAGAGG-1	1.0005213793978
CTAGTTACCGCATA-1	1.0001638826634
CTAGTTACGAAACA-1	1.01044627498525
CTATAAGATCGTTT-1	1.00052227917212
CTATACTGAGGTTC-1	0.994376378064289
CTATACTGCCAGTA-1	1.00004764810989
CTATACTGCGCTAA-1	1.00486221565168
CTATACTGCTACGA-1	1.00535552624961
CTATACTGTCTCAT-1	1.01183817226663
CTATACTGTTCGTT-1	0.987591765414377
CTATAGCTGTCACA-1	1.00251858637968
CTATAGCTTCGCTC-1	0.994496626739482
CTATAGCTTGCCTC-1	0.999573467148249
CTATCAACGAACTC-1	1.0027772282609
CTATCAACGCAGAG-1	1.00085551947892
CTATCAACTTTGGG-1	0.998954919210657
CTATCCCTCCACCT-1	0.999573467148248
CTATGTACGAGAGC-1	0.999998636636614
CTATGTACGCTTAG-1	1.00020015897718
CTATGTACTGTTTC-1	0.999290301860105
CTATGTTGAAAGCA-1	0.999573467148248
CTATGTTGTCCTCG-1	1.00114388893481
CTATGTTGTCTCGC-1	1.00149129805222
CTATTGACAAACGA-1	0.997412227219279
CTATTGACACTGGT-1	0.994869592008727
CTATTGACGGTGAG-1	0.998189495577257
CTATTGTGGCAAGG-1	0.998203249921177
CTCAATTGGTTCAG-1	1.00035806170645
CTCAATTGGTTGCA-1	0.996026364709823
CTCAGAGATAGAAG-1	1.00059657202762
CTCAGCACTCTAGG-1	0.999573467148248
CTCAGCACTGAACC-1	0.996130619385396
CTCAGCACTTGCAG-1	0.998887888638545
CTCAGCTGAACCTG-1	0.997345260578591
CTCAGCTGCAGTTG-1	1.00296185178265
CTCAGGCTCGTTGA-1	0.990504103220785
CTCAGGCTGCTAAC-1	0.998331760977878
CTCATTGACCTTAT-1	1.00363127553992
CTCATTGATGCTTT-1	0.994116287163818
CTCCACGAGAGATA-1	0.994543050054844
CTCCATCTCTTAGG-1	1.00202791396752
CTCCATCTGACGAG-1	1.00136642403999
CTCCGAACAAGTGA-1	0.992782047667933
CTCCTACTGCCTTC-1	0.952784921877479
CTCGAAGATGTGGT-1	1.00085114946672
CTCGAAGATTAGGC-1	0.996684526491751
CTCGACTGCTCTAT-1	0.999573467148248
CTCGACTGGGTGAG-1	0.998875928092318
CTCGACTGGTTGAC-1	1.01032156894554
CTCGAGCTCTGGAT-1	1.00228233833293
CTCGCATGACTTTC-1	0.998061253128357
CTCGCATGCTTAGG-1	0.997157579614355
CTCTAAACCTCGAA-1	1.00130883775094
CTCTAAACGGCGAA-1	0.998920151156648
CTCTAATGTCCAAG-1	1.0019477509182
CTGAACGACAGTCA-1	1.0015968952194
CTGAACGATGAGGG-1	1.0033490043235
CTGAAGACCCAACA-1	1.00006225612974
CTGAAGACGTGCAT-1	0.99706197602476
CTGAAGTGAAGCCT-1	0.991833407115021
CTGAAGTGCAGCTA-1	1.00035621849292
CTGAAGTGGCTATG-1	1.00099939220837
CTGAAGTGTCCAGA-1	0.999193401191158
CTGAATCTGAATAG-1	0.999573467148248
CTGACAGAATCGTG-1	1.00286695468416
CTGACCACAGCAAA-1	1.00120320649686
CTGAGAACCGGGAA-1	0.999248085160244
CTGAGAACGTAAAG-1	1.00842904603771
CTGATACTAGTAGA-1	1.00128116669349
CTGATTTGGTGTTG-1	0.994384553444317
CTGCAGCTAACCGT-1	1.00096886984785
CTGCAGCTGACACT-1	0.999182397716657
CTGCAGCTGGATTC-1	0.992382291125599
CTGCAGCTTGGCAT-1	0.996700097497805
CTGCCAACAGGAGC-1	1.00053598372711
CTGCCAACCAGCTA-1	1.00018074142963
CTGCCAACTAACCG-1	0.994406229236511
CTGCCAACTGCTCC-1	1.00034773009724
CTGCCAACTTGCAG-1	0.999573467148248
CTGCCAACTTGCTT-1	0.997201999847778
CTGCGACTCCACCT-1	0.999573467148248
CTGGAAACAAACGA-1	0.98248170385385
CTGGAAACATCGAC-1	1.00085497159331
CTGGATGACTGGAT-1	1.00226773525377
CTGGATGACTTGTT-1	1.00052182907154
CTGGATGATGTGAC-1	1.00284004710625
CTGGCACTCAAGCT-1	0.997960384629989
CTGTAACTAACCAC-1	1.00152575907627
CTGTAACTAGCGTT-1	0.998906640285574
CTGTATACGTAAAG-1	0.998190931232414
CTGTATACGTACGT-1	0.997201999847778
CTGTATACGTTGGT-1	1.00104885233961
CTGTGAGACAACCA-1	0.995417236515615
CTGTGAGACCTTGC-1	0.999573467148248
CTGTGAGACGAACT-1	0.995406097124402
CTGTGAGACTGTAG-1	0.994174856814668
CTTAAAGAACCTGA-1	1.00065878035905
CTTAACACCTGTAG-1	1.00168971302083
CTTAACACTATCGG-1	0.998779524759727
CTTAAGCTACCTAG-1	1.00012816940527
CTTAAGCTAGTACC-1	1.00390062501469
CTTAAGCTCATCAG-1	0.999573467148248
CTTAAGCTCCGCTT-1	0.998433052468102
CTTACAACTAACGC-1	1.00071063832817
CTTACAACTCCCGT-1	0.994358301232692
CTTACTGACGTACA-1	0.999573467148248
CTTAGACTAAACGA-1	0.998995679016949
CTTAGGGACTTGCC-1	1.00285383014405
CTTAGGGAGAATCC-1	0.999573467148249
CTTATCGACTCATT-1	1.00165302359863
CTTCACCTACCTGA-1	0.996943010655753
CTTCATGAAGCATC-1	0.999573467148248
CTTCATGAAGTACC-1	0.996456294173774
CTTCATGACCGAAT-1	0.999573467148248
CTTGAACTACGCAT-1	0.998926075006313
CTTGATTGAGGTTC-1	1.00420469556747
CTTGATTGATCTTC-1	1.00344528174017
CTTGATTGCATTCT-1	0.999573467148248
CTTGATTGTTTCGT-1	1.00037089312922
CTTGTATGACACCA-1	0.998872503987556
CTTGTATGCGCAAT-1	1.00232711306326
CTTTACGAGCGAAG-1	0.999573467148248
CTTTAGACCGTGAT-1	1.00137775138498
CTTTAGACGAGACG-1	0.999573467148248
CTTTAGACGATACC-1	0.999055821644806
CTTTAGACGTTGGT-1	1.00092120665452
CTTTAGACTCATTC-1	0.999573467148249
CTTTAGTGACGGGA-1	0.997445205685193
CTTTAGTGGGTGGA-1	0.996490742500143
CTTTCAGAGAAACA-1	0.999573467148248
CTTTGATGAGCACT-1	0.998917579046445
CTTTGATGTCTAGG-1	1.00398010991305
CTTTGATGTGTCCC-1	1.00029753340478
CTTTGATGTGTGGT-1	1.00012268333899
GAAACAGAACTACG-1	1.00095983811517
GAAACAGAATCACG-1	0.998952228200363
GAAACAGACATTCT-1	1.00323299344011
GAAACCTGATCGTG-1	1.0006374091037
GAAACCTGATGCCA-1	0.999573467148248
GAAACCTGCTTATC-1	1.0002806291342
GAAACCTGGACTAC-1	0.991904105507725
GAAACCTGTGCTAG-1	0.997117512683511
GAAAGATGATTTCC-1	1.00013883675636
GAAAGATGCTGATG-1	0.993197087193779
GAAAGATGCTTCGC-1	0.995559115874561
GAAAGATGTAAGGA-1	1.00376455086795
GAAAGCCTACGTTG-1	0.998437588208307
GAAAGTGAAAGTGA-1	0.995008212078628
GAAAGTGACCACAA-1	0.995769593488911
GAAAGTGACTCAAG-1	0.999573467148249
GAAATACTACCAAC-1	0.999573467148248
GAAATACTCTTAGG-1	0.99764378864024
GAAATACTTCCTCG-1	1.00104450977834
GAACACACGTGCAT-1	0.996582970612278
GAACACACTGCCTC-1	1.00245076555685
GAACAGCTAACTGC-1	0.994696246841156
GAACAGCTCTCAGA-1	0.99593745255214
GAACCAACCACAAC-1	0.999573467148249
GAACCAACTTCCGC-1	1.03670932351289
GAACCTGAACGTGT-1	1.00076025666104
GAACCTGAGAGACG-1	1.0006617343961
GAACCTGATGAACC-1	1.00141176317979
GAACGGGATACTTC-1	0.99690793790252
GAACTGTGACCTGA-1	0.992379703440812
GAACTGTGCCAGTA-1	0.991150095234078
GAAGAATGCAATCG-1	1.00152195343899
GAAGCGGACCTATT-1	0.994233865293824
GAAGCTACGAATGA-1	0.995317699326436
GAAGCTACGGTTTG-1	0.998701238991924
GAAGGGTGAAAGTG-1	1.00066055085368
GAAGGGTGCTTAGG-1	0.996328098748417
GAAGGTCTGAAAGT-1	1.0009872910056
GAAGGTCTGTTGCA-1	0.999573467148248
GAAGGTCTTAAAGG-1	0.997620221486992
GAAGTAGACTCCCA-1	0.998042726769767
GAAGTAGATCCAAG-1	0.994195561119833
GAAGTCACCCTCGT-1	1.00031719740654
GAAGTCACCCTGTC-1	0.997583606231563
GAAGTCTGTCGCAA-1	0.998171540826862
GAAGTCTGTTCTGT-1	0.999573467148248
GAAGTGCTAAACGA-1	1.01039316329556
GAAGTGCTCCGCTT-1	0.995319963032724
GAAGTGCTTAACCG-1	0.998515717447563
GAATGCACCCTAAG-1	0.996978295879149
GAATGCACCTTCGC-1	1.01948834082323
GAATGCTGCGGTAT-1	0.999573467148248
GAATTAACGATAAG-1	1.00085826594921
GAATTAACGGTCAT-1	0.999573467148248
GAATTAACGTCGTA-1	1.00989164487365
GAATTAACTGAAGA-1	1.00014959018407
GACAACACAGGCGA-1	0.999098610394259
GACAACACATCGTG-1	1.00008501958794
GACAACACTCGCCT-1	0.997164856384036
GACAACTGAGGTTC-1	1.02165767841612
GACAGGGAAGAGTA-1	1.00045182696121
GACAGGGAATGCCA-1	0.999573467148249
GACAGTACGAGCTT-1	0.993574312301117
GACAGTACTTCGGA-1	0.992179362048796
GACAGTTGAGTAGA-1	0.998688105352723
GACATTCTCCACCT-1	0.99911399876528
GACCAAACGACTAC-1	0.998194745124596
GACCAAACGTATCG-1	0.992940597425964
GACCCTACTAAAGG-1	1.00161758466798
GACCTAGACCTCAC-1	1.0018766318191
GACCTAGACGAGAG-1	1.00007753848821
GACCTCACAAGGTA-1	1.0017138814248
GACCTCACGTACGT-1	0.996485981535435
GACCTCTGCATCAG-1	0.999895080232917
GACGAACTCCCACT-1	0.998981302771976
GACGATTGCCAATG-1	1.00328016727364
GACGCCGACCTTCG-1	1.00244580469753
GACGCTCTCTCTCG-1	1.17182372519468
GACGGCACACGGGA-1	1.01504075484106
GACGGCACGAGATA-1	0.994155724778881
GACGTAACCTATGG-1	1.00020173456946
GACGTAACCTGTGA-1	1.0023485184174
GACGTAACTATGGC-1	0.998726011898441
GACGTATGTTGACG-1	1.00119002801156
GACGTATGTTTGCT-1	1.00184522502813
GACGTCCTACGGAG-1	1.00016076060721
GACGTCCTCTCAAG-1	0.993451357939657
GACGTCCTGATAAG-1	1.00016739077698
GACTACGATGGTCA-1	0.998056663707963
GACTCCTGCTCGCT-1	0.998862026958107
GACTCCTGGGTTAC-1	1.00006273463094
GACTCCTGTTATCC-1	0.999573467148248
GACTCCTGTTGGTG-1	0.9990988358723
GACTGAACCAATCG-1	0.997794866672896
GACTGATGTGATGC-1	0.999573467148248
GACTTTACATGCCA-1	0.998035661814174
GACTTTACGACAGG-1	0.999573467148248
GAGAAATGTTCTCA-1	1.00083475858945
GAGATAGAAAAAGC-1	0.998272503850442
GAGATCACGACAAA-1	0.993157131274761
GAGATGCTCTGGAT-1	1.00372681950482
GAGATGCTGAATGA-1	0.997119522466215
GAGCAGGATTCCCG-1	1.00114636009419
GAGCATACTTTGCT-1	1.00161258070832
GAGCGCACGCGTAT-1	0.994960051146026
GAGCGCACGGTGAG-1	1.00085826594921
GAGCGCTGAAGATG-1	1.01124163991652
GAGCGCTGTCTTAC-1	0.997495351831932
GAGCGGCTGGGAGT-1	0.998659780249575
GAGGACGACTCAGA-1	1.00072240216796
GAGGATCTGAAAGT-1	1.00347043972972
GAGGCAGACTTGCC-1	1.00437581050449
GAGGGAACACCAGT-1	1.00044875039444
GAGGGAACGAGGGT-1	1.00119615134816
GAGGGATGGGAAAT-1	1.00243484157711
GAGGGCCTTCACCC-1	1.00130883775094
GAGGGTGAAGAGTA-1	1.00058364750919
GAGGTACTACGGTT-1	1.00021298952006
GAGGTACTACTCAG-1	0.99891018017602
GAGGTACTGACACT-1	1.00584530066761
GAGGTACTGGGAGT-1	0.999573467148248
GAGGTACTTAGCGT-1	0.995244605676347
GAGGTGGAGTACGT-1	1.00226290248587
GAGGTGGATCCTCG-1	1.00566312273575
GAGGTTACTCGTTT-1	0.997328075608417
GAGGTTTGTAAGCC-1	0.983955131724057
GAGTCAACCATTCT-1	0.998122707399122
GAGTCAACGGGAGT-1	1.00100688990229
GAGTCTGATCGTGA-1	1.00182222635443
GAGTCTGATTTGGG-1	0.998683375013655
GAGTGACTCAGCTA-1	1.0011736381202
GAGTGACTCGGTAT-1	1.00023763556496
GAGTGACTCTTGCC-1	1.00183324137692
GAGTGACTGACTAC-1	0.999573467148249
GAGTGACTGTCTAG-1	1.00084762070739
GAGTGGGAGTCTTT-1	1.00042634553319
GAGTGGGATGCCCT-1	1.00111048426841
GAGTGGGATGCTGA-1	0.999573467148248
GAGTGTTGCTGTAG-1	0.999573467148248
GAGTGTTGTGGTCA-1	1.00024885462605
GAGTTGTGCATGGT-1	0.99774942797462
GAGTTGTGCTGAGT-1	1.00030790760905
GAGTTGTGGCGAGA-1	0.998462829962528
GAGTTGTGGTAGCT-1	1.02575819350862
GAGTTGTGTATGCG-1	0.996086988365032
GATAAGGAGAAACA-1	0.99433323927329
GATAAGGATTCACT-1	0.996940238836477
GATACTCTATCGGT-1	1.00067735833229
GATACTCTTACTTC-1	0.998650073645109
GATACTCTTGACTG-1	0.994715272897224
GATAGAGAAGGGTG-1	1.00026378031617
GATAGAGACTGTGA-1	1.00086365555373
GATAGAGATCACGA-1	0.999573467148248
GATAGCACCCATAG-1	1.00152195343899
GATAGCACGAAGGC-1	0.995424294265746
GATAGCACTTGTCT-1	1.00002514969102
GATATAACAAGGTA-1	1.00042200150067
GATATAACACGCAT-1	1.00012724746246
GATATATGCTGGAT-1	0.999106812868534
GATATATGTCCGTC-1	1.00114142552809
GATATATGTGGAGG-1	0.997414561171686
GATATCCTAGAAGT-1	0.998943616192263
GATATCCTCCCGTT-1	0.995738786327987
GATATTGACAGGAG-1	1.00130733265935
GATATTGACGAGTT-1	0.996552593674664
GATATTGAGCCAAT-1	1.00169683085966
GATCCCTGACCTTT-1	1.01657804536157
GATCCCTGTGTAGC-1	1.00149080755838
GATCCGCTGGTCAT-1	0.99268302504934
GATCGAACCGAGAG-1	0.999269275587948
GATCGATGACTAGC-1	0.998291962703187
GATCGATGGTAAAG-1	1.00032957415819
GATCGATGTAAGGA-1	0.999573467148248
GATCGTGACACTAG-1	1.00313912755425
GATCGTGATTCACT-1	0.999573467148248
GATCTACTGGTGAG-1	0.998147542088123
GATCTACTTTGCAG-1	0.999573467148249
GATCTTACACCCAA-1	0.998363817934273
GATCTTACCCTACC-1	1.00099601003318
GATCTTACGAATAG-1	0.993094750231547
GATCTTACGAGATA-1	0.995920945343809
GATGCAACTCCAGA-1	0.999573467148249
GATGCCCTACGTAC-1	0.999573467148248
GATGCCCTCTCATT-1	1.00342644857448
GATGCCCTGGCAAG-1	0.997848081416692
GATGCCCTTTTGCT-1	1.00127342202435
GATTACCTTGTTCT-1	0.999573467148248
GATTCGGAACGACT-1	0.999082034765186
GATTCGGACAGGAG-1	0.999093825369387
GATTCGGAGAAGGC-1	0.996911993481441
GATTCTTGATTCGG-1	1.00054345595674
GATTCTTGCCGATA-1	1.00019125050248
GATTCTTGCGAGTT-1	0.998716200023764
GATTGGACCCGTTC-1	0.999573467148248
GATTGGACGGTGTT-1	0.999573467148248
GATTGGACTTTCGT-1	1.00207866380777
GATTGGTGTGTCAG-1	0.998736303440419
GATTTAGACACTCC-1	0.995819521044244
GATTTAGACTAAGC-1	0.998006737575916
GATTTAGATTCGTT-1	0.995691628440877
GATTTGCTAACGAA-1	0.998979896205761
GATTTGCTAACGGG-1	1.00565606431142
GCAACCCTCCTCGT-1	0.995932033752444
GCAACTGATTGCGA-1	1.00002494567903
GCAAGACTACTGGT-1	1.00008554371953
GCAAGACTAGGTCT-1	1.00143256225144
GCAAGACTCCCTTG-1	0.998590118926755
GCAATCGACTGCAA-1	1.00073643802335
GCAATCGAGACGTT-1	0.997030947428031
GCAATCGATCCTTA-1	0.997816747522329
GCAATTCTCGTGTA-1	1.00007958029617
GCAATTCTTCTCCG-1	1.00077439642396
GCACAAACAATGCC-1	0.998437588208307
GCACAAACGGTACT-1	1.00053830640225
GCACAATGGTGCAT-1	0.997553106426372
GCACACCTGTGCTA-1	1.00071063832817
GCACCACTCATGAC-1	0.998060680970196
GCACCACTGTTTGG-1	0.9977821168487
GCACCACTTCCTTA-1	1.00734888737671
GCACCACTTTCGGA-1	0.995219924172864
GCACCTACGCGATT-1	1.00173237312481
GCACCTTGGCTGTA-1	0.996640016034094
GCACCTTGGGGAGT-1	0.997750758418948
GCACGGACCAGCTA-1	0.999987369205039
GCACGGTGACCTCC-1	0.9983940294289
GCACGGTGCTATGG-1	0.990291015596041
GCACTAGAACGGGA-1	0.999573467148248
GCACTAGAAGATGA-1	0.999573467148249
GCACTAGACCTTTA-1	0.995740746798754
GCACTAGACGTAAC-1	0.999573467148248
GCACTAGAGTCGTA-1	1.00077487756549
GCACTAGATGCAAC-1	0.999573467148248
GCACTGCTGAGGCA-1	0.999188719855274
GCAGATACAGCGTT-1	0.999573467148248
GCAGATACGACGGA-1	1.00113530069067
GCAGATACGCAGAG-1	1.00081132902707
GCAGCCGACAGTCA-1	0.999155410491139
GCAGCGTGCACTCC-1	1.00239712101025
GCAGCTCTCAATCG-1	0.998878836524796
GCAGCTCTGTTTCT-1	0.999573467148249
GCAGGGCTAAGAAC-1	0.999983296368071
GCAGGGCTAAGGGC-1	1.00251916498857
GCAGGGCTATCGAC-1	1.00532286260432
GCAGGGCTTGGGAG-1	0.998898991124532
GCAGTCCTAACTGC-1	1.00344028907145
GCAGTCCTCTCTTA-1	1.00178654493529
GCATCAGATGCGTA-1	0.998909298731539
GCATGTGACAAGCT-1	1.00127995194065
GCATTGGAGAAGGC-1	1.00178491287203
GCCAAAACGAGGCA-1	0.998881241755487
GCCAAATGATCGAC-1	0.999573467148248
GCCAACCTACGGTT-1	0.997207612788134
GCCAACCTCGCCTT-1	0.999573467148248
GCCACGGAGGCGAA-1	0.998867553682748
GCCACGGATACTGG-1	1.00168673029233
GCCACTACGTCTTT-1	1.03678480289574
GCCCAACTACCGAT-1	0.99904792904775
GCCCAACTATGGTC-1	1.00105541446796
GCCCATACAGCGTT-1	1.00031997459197
GCCGACGAACTCTT-1	1.00513179968105
GCCGAGTGCGTTGA-1	1.00080548046026
GCCGGAACGAACTC-1	0.999573467148248
GCCGGAACGTTCTT-1	1.01305319232763
GCCGGAACTGCACA-1	1.00341798048343
GCCGGAACTTACTC-1	0.999573467148248
GCCGTACTACCTGA-1	0.999573467148248
GCCGTACTGGCAAG-1	0.997008265778321
GCCTACACAGTTCG-1	1.00261399480497
GCCTACACCACTGA-1	0.994929088622521
GCCTACACCTTGAG-1	1.00134105948626
GCCTAGCTACGGAG-1	1.00038546834008
GCCTAGCTCTATTC-1	0.998501538497151
GCCTAGCTTCTCAT-1	0.997224293312412
GCCTAGCTTCTCTA-1	0.995327190737253
GCCTCAACCATGGT-1	1.00057104545878
GCCTCAACTCTTTG-1	0.995455477033658
GCCTCATGTCTTAC-1	0.985208339476657
GCCTGACTCTCAAG-1	0.996882825244754
GCGAAGGAACTCTT-1	1.00320827975606
GCGAAGGATGCCAA-1	0.99851683557621
GCGAGAGAGGGACA-1	1.00030201923801
GCGAGCACTGTCGA-1	0.999573467148249
GCGAGCACTTGACG-1	1.00129587978549
GCGAGCACTTGCTT-1	1.00084951838291
GCGATATGGTACGT-1	1.0046072903641
GCGATATGGTGTTG-1	1.00030095875462
GCGCACGAAGTCGT-1	0.998435000784754
GCGCACGACTTTAC-1	0.995743683749213
GCGCATCTAGGTCT-1	0.997682126623843
GCGCATCTGGTTAC-1	1.01663935561176
GCGCATCTTCGATG-1	1.00076060903322
GCGCATCTTGCTCC-1	1.00489034729265
GCGCATCTTTCTAC-1	1.00159076980647
GCGCGAACGTTCTT-1	0.999573467148248
GCGCGATGAACGGG-1	1.00008977575731
GCGCGATGGTGCAT-1	1.0035938732504
GCGGAGCTCCTGAA-1	0.998870532220577
GCGGCAACCCGATA-1	1.00122930392431
GCGGCAACGGAGGT-1	0.99857189052786
GCGGCAACTGTCGA-1	0.995706645225044
GCGTAAACACGGTT-1	0.99657174502468
GCGTAATGCACCAA-1	0.992185636644566
GCGTATGAACACCA-1	0.995925388800992
GCGTATGATGAGAA-1	0.994410381057607
GCTACAGAAAGGTA-1	1.00170475385859
GCTACAGAATCTTC-1	0.997473522889534
GCTACCTGAGAAGT-1	0.995355857582222
GCTACCTGATCACG-1	0.998920577881659
GCTACGCTAGAATG-1	1.00088754269665
GCTACGCTAGCTAC-1	1.00271283105261
GCTACGCTCCCTAC-1	0.999573467148248
GCTAGAACAGAGGC-1	0.999573467148248
GCTAGAACGGATCT-1	0.998580348949393
GCTAGAACTCCCGT-1	0.999573467148248
GCTAGATGAGCTCA-1	0.996562703692983
GCTAGATGGCGATT-1	1.00372681950482
GCTATACTAAGGCG-1	1.00042308335492
GCTATACTAGCGTT-1	1.00135365141744
GCTATACTCTCTTA-1	1.00050503608315
GCTATACTGGACGA-1	1.00101446686062
GCTCAAGAACCATG-1	0.996805262682329
GCTCAAGAAGTCAC-1	0.993945725670151
GCTCAGCTGTCTAG-1	0.999573467148248
GCTCCATGAGAAGT-1	1.00247288257145
GCTCCATGCCGAAT-1	1.00159553080398
GCTCGACTCTAGTG-1	0.972532767010843
GCTGATGAGGTATC-1	1.0010348318663
GCTTAACTACAGTC-1	0.99515057570069
GCTTAACTACTGGT-1	0.998750095264271
GCTTAACTGCTGAT-1	1.00155086273113
GCTTAACTTAGACC-1	1.0044081634827
GCTTAACTTCAGTG-1	1.00053598372711
GGAACACTCACTTT-1	0.992141694158299
GGAACACTTCAGAC-1	1.07989633504409
GGAACTACTACTTC-1	1.0003222113184
GGAACTTGAAGGTA-1	0.994651480440912
GGAACTTGAGAATG-1	0.998438233227581
GGAACTTGCTCCAC-1	0.994527947684236
GGAACTTGGGTAGG-1	0.998837404212204
GGAAGGACATCGGT-1	0.99493722657706
GGAAGGACCACTAG-1	0.99816957182922
GGAAGGACGAGGGT-1	1.0008846697724
GGAAGGACGCGAAG-1	1.00273467355922
GGAAGGTGGCGAGA-1	1.00584694079144
GGAATCTGAAGGGC-1	1.00178981629935
GGAATCTGAGGAGC-1	0.997458415376881
GGAATCTGCTTAGG-1	0.999573467148248
GGAATCTGCTTGTT-1	0.995385895019433
GGAATCTGGGAGGT-1	1.00108111943656
GGAATGCTTTCTAC-1	1.00071779853594
GGACAGGAAAGGGC-1	1.00020252534029
GGACAGGAGTGCTA-1	0.998172523255959
GGACAGGATCTCGC-1	1.00205996831031
GGACCCGAAGCTAC-1	0.996547076893042
GGACCGTGCTTACT-1	0.999573467148248
GGACCGTGGGAACG-1	0.997052474797307
GGACCGTGTAACGC-1	1.00046674102416
GGACCTCTGTAAGA-1	1.00076060903322
GGACCTCTTTTCTG-1	1.00314337238806
GGACGAGAGTGTCA-1	0.999573467148248
GGACGCTGACGCAT-1	0.999103300889007
GGACGCTGCTAGCA-1	1.00074438491531
GGACGCTGTCCTCG-1	1.0091032989325
GGAGAGACGTGAGG-1	0.998048177015265
GGAGCAGATTCAGG-1	1.00058313731709
GGAGCCACCTTCTA-1	0.999573467148248
GGAGCGCTACGCAT-1	0.993529183144329
GGAGCGCTCCGAAT-1	0.997563061944813
GGAGGATGCCACCT-1	1.00204765889862
GGAGGATGGTTGAC-1	0.994579761234102
GGAGGATGTCAGTG-1	0.996237107111038
GGAGGCCTCGTTGA-1	1.00895512938257
GGAGGCCTTTCTTG-1	1.00011203043874
GGAGGTGATACGCA-1	1.00068410433397
GGAGGTGATCGCTC-1	0.998794376371048
GGATACTGCAGCTA-1	1.00104703982709
GGATACTGTCTAGG-1	1.00107207804352
GGATAGCTCGTCTC-1	1.00183494558071
GGATAGCTCTGAAC-1	1.00157128220584
GGATGTACCAAAGA-1	0.998888358534713
GGATGTACGCGAAG-1	1.0004234445863
GGATGTACGTCTTT-1	0.997187850281546
GGATGTACGTGTCA-1	1.00044417574333
GGATTTCTAGGTTC-1	1.00029937380558
GGATTTCTTTGTCT-1	0.993886615912832
GGCAAGGAAAAAGC-1	1.01106281734535
GGCAAGGAAGAAGT-1	1.00007576537295
GGCAAGGACTTGGA-1	0.994328656651625
GGCAAGGAGGACTT-1	1.0004707503324
GGCAATACGCTAAC-1	0.999573467148248
GGCAATACGGCATT-1	1.00364228723162
GGCAATACGTTTCT-1	0.998893022310163
GGCACGTGGCTTAG-1	0.996101386405549
GGCACTCTTTTGTC-1	0.99901660170694
GGCATATGCTTATC-1	1.00813679124376
GGCATATGGGGAGT-1	1.12731448531416
GGCATATGTGTGAC-1	0.999841090566494
GGCCACGACAGAGG-1	1.00117278469569
GGCCAGACTGGTTG-1	1.0011736381202
GGCCCAGAAAGTAG-1	0.991384437207454
GGCCGAACAACGAA-1	0.999573467148248
GGCCGAACGCAGAG-1	1.00127631802925
GGCCGAACGTAGGG-1	1.00182645016962
GGCCGAACTCTAGG-1	1.01515933202062
GGCCGATGCAGGAG-1	1.00003752168267
GGCCGATGCCGAAT-1	0.999573467148248
GGCCGATGTACTCT-1	0.999573467148248
GGCGACACTGCCCT-1	0.999897163219216
GGCGACTGCGTAAC-1	1.00067919001014
GGCGCATGCCTAAG-1	0.994050961804888
GGCGCATGCTCCAC-1	1.00227355755113
GGCGCATGTGGAAA-1	1.00065408711273
GGCGGACTAGAGGC-1	1.00041133258593
GGCGGACTAGGAGC-1	0.998154626172878
GGCGGACTCTGACA-1	0.999573467148249
GGCGGACTCTTGGA-1	1.00031719740654
GGCGGACTTACTGG-1	1.00113043516561
GGCGGACTTGAACC-1	0.999573467148248
GGCTAAACACCTGA-1	1.00255726854272
GGCTAAACTCTTAC-1	1.00151532915339
GGCTAATGAGCACT-1	1.00222017535782
GGCTAATGGTCTAG-1	0.997842104329862
GGCTCACTACTCAG-1	0.989714244786392
GGGAACGAAGCTCA-1	0.982477795284282
GGGAACGACACAAC-1	1.00039077987691
GGGAACGAGTGTCA-1	1.00096951947667
GGGAAGTGTTGAGC-1	0.997788514528341
GGGACCACACGTTG-1	1.00358781842194
GGGACCACAGAACA-1	1.00144883950688
GGGACCACGAATAG-1	1.00071063832817
GGGACCACGTCATG-1	1.00213910746434
GGGACCACTCAAGC-1	0.999573467148248
GGGACCACTCGTGA-1	0.999573467148248
GGGACCACTGCATG-1	0.998253026636824
GGGACCTGACCCTC-1	0.996515331540715
GGGACCTGCTTGCC-1	1.00181717863455
GGGACCTGTGGAGG-1	1.00107207804352
GGGATGGACGACAT-1	0.998596366984858
GGGATGGATACTTC-1	1.00136696021131
GGGATGGATGGTTG-1	0.99689723296579
GGGATTACGTCTAG-1	0.999573467148249
GGGCAAGATGCATG-1	0.995819200604969
GGGCACACGGTGAG-1	0.998625405054842
GGGCACACGTTGCA-1	1.00160374500975
GGGCAGCTTGGGAG-1	0.999573467148248
GGGCAGCTTTTCTG-1	1.00013787904387
GGGCCAACCTTGGA-1	0.997473183477176
GGGCCAACGCGTTA-1	0.998357441032496
GGGCCAACTACGCA-1	0.989507269090361
GGGCCAACTCCAAG-1	0.9990257556594
GGGCCATGATGGTC-1	1.00010346368438
GGGCCATGTTGACG-1	1.00145708549086
GGGTAACTCAGCTA-1	0.997581491326909
GGGTAACTCTAGTG-1	1.00034414831027
GGGTAACTCTGGAT-1	1.00088956124588
GGGTTAACGTGCAT-1	1.00956012304165
GGTAAAGAGCTAAC-1	1.00513695583367
GGTACAACTGCAAC-1	0.998569879329827
GGTACATGAAAGCA-1	1.00037376616118
GGTACATGAGCTCA-1	0.998743256627361
GGTACATGCGGTAT-1	1.00245131782142
GGTACATGGTTACG-1	0.999573467148248
GGTACATGTGGGAG-1	0.999573467148248
GGTACTGAACTCTT-1	0.996862759440728
GGTAGTACACCACA-1	1.0024293913401
GGTAGTACACTAGC-1	0.997994362144855
GGTAGTACCCTGTC-1	1.00145826941188
GGTAGTACGCCATA-1	0.993422245811952
GGTAGTACTGTCTT-1	1.00203183770198
GGTATCGAGACAAA-1	0.997942841590095
GGTATCGATGAACC-1	0.999573467148248
GGTCAAACCAAAGA-1	1.00180217053096
GGTCTAGAGAAACA-1	0.997259639677998
GGTCTAGATAGCGT-1	0.998019887000365
GGTGATACCGACTA-1	1.00041415130901
GGTGATACGACTAC-1	0.979355158241944
GGTGATACTGTTTC-1	1.00092333003434
GGTGGAGAAACGGG-1	1.00172308750771
GGTGGAGAAGTAGA-1	0.999573467148248
GGTGGAGACAGATC-1	0.999573467148249
GGTGGAGATCGATG-1	1.00309102773645
GGTGGAGATCTCTA-1	0.994572027355513
GGTGGAGATTACTC-1	1.0047886330638
GGTTTACTACGCAT-1	0.998335605269427
GTAACGTGACCTCC-1	0.998075754431514
GTAACGTGATCGGT-1	0.996690775101678
GTAACGTGCAGCTA-1	1.0002358750125
GTAACGTGGTTGAC-1	0.998438233227581
GTAAGCACAACGGG-1	1.00224791120751
GTAAGCACTCATTC-1	1.00081671772928
GTAAGCTGGTACCA-1	1.00259332656561
GTAATAACCTTCTA-1	0.990916268565352
GTAATAACGTTGTG-1	1.01314500772936
GTACCCTGACAGTC-1	0.992963291833582
GTACCCTGGAGCTT-1	1.00235469549312
GTACCCTGTCCTTA-1	1.0048068360862
GTACCCTGTGAACC-1	0.998023740842592
GTACGTGAACGTTG-1	1.00105541446796
GTACTTTGTCGACA-1	1.00014563284209
GTAGACTGAGATGA-1	1.0014834801428
GTAGACTGTATTCC-1	1.00156995210261
GTAGCAACAGTCGT-1	0.996488363854581
GTAGCAACCATTTC-1	0.998748055532106
GTAGCAACGGTAGG-1	0.996285396532629
GTAGCATGCACTCC-1	0.999573467148248
GTAGCATGTAAGCC-1	0.997769182911519
GTAGCCCTGACGTT-1	1.00115423699614
GTAGCTGAAGCTAC-1	0.99493697357621
GTAGCTGAATTCGG-1	1.00067189952973
GTAGGTACACGGGA-1	0.99724671326755
GTAGTGACCTCATT-1	1.00122747729797
GTAGTGTGAGCGGA-1	1.00726787452308
GTAGTGTGAGGCGA-1	0.993808914281188
GTAGTGTGTGGTTG-1	0.997654900032801
GTATCACTGGTAGG-1	0.997936611033923
GTATCTACAGAAGT-1	0.999573467148248
GTATCTACGACGAG-1	1.00029206777165
GTATCTACGTTACG-1	0.998591085362353
GTATTAGAAACAGA-1	0.997754407153438
GTATTAGAGGTCTA-1	1.00254838818143
GTATTCACACAGCT-1	0.99881275674707
GTATTCACGGGTGA-1	1.00198207791246
GTCAACGACACTGA-1	0.999951950096809
GTCAACGAGTGTAC-1	1.0072379282382
GTCAATCTACACCA-1	0.997151726464667
GTCAATCTGTAGCT-1	1.00228111536626
GTCAATCTTGTGGT-1	0.999573467148248
GTCACCTGCCTCCA-1	1.00141091837462
GTCACCTGTCCCGT-1	0.998631805850888
GTCATACTAATCGC-1	0.998692009064344
GTCATACTGCGATT-1	1.01185072570073
GTCATACTTCGCCT-1	1.10171966087143
GTCATACTTTACCT-1	0.999573467148248
GTCATACTTTGACG-1	0.999573467148248
GTCCAAGAAAAACG-1	1.00073983058716
GTCCACTGACCTCC-1	0.998417890885649
GTCCACTGGGTACT-1	1.00342538802358
GTCCAGCTACGGGA-1	1.00010039043088
GTCCCATGTGGTGT-1	0.99311703253954
GTCGAATGAAGGCG-1	0.990060688910381
GTCGACCTGAATGA-1	1.01632024774969
GTCGACCTGTTCAG-1	0.993352055526994
GTCGCACTTGAGAA-1	0.999219008471955
GTCTAACTGGTCTA-1	0.998340947460026
GTCTAGGAGCTTCC-1	0.993686697612629
GTGAACACACTCTT-1	0.999573467148249
GTGAACACTCAGGT-1	1.00067310792619
GTGACCCTTAAGCC-1	0.998209792568237
GTGATGACAAGTGA-1	0.999573467148248
GTGATGACCTGAGT-1	0.995839070633373
GTGATGACGGTTTG-1	0.999573467148248
GTGATTCTCATTTC-1	0.999573467148248
GTGATTCTCTCTCG-1	0.99453275374861
GTGATTCTGGTTCA-1	1.00801264276207
GTGATTCTGTCGAT-1	0.998275319788316
GTGATTCTTAGCGT-1	0.998616937514614
GTGCCACTCAGGAG-1	1.00095887735913
GTGGATTGCACTAG-1	0.992502529438518
GTGGATTGCGGAGA-1	1.00205133890618
GTGGATTGTAACGC-1	0.999573467148249
GTGTACGATCAGTG-1	1.00219358108573
GTGTAGTGGGTACT-1	0.998022137400993
GTGTATCTAGCCTA-1	0.995649724392024
GTGTATCTAGTAGA-1	1.00301380135933
GTGTATCTGTTACG-1	0.999573467148248
GTGTCAGAAGCGTT-1	0.998863542810785
GTTAAAACCGAGAG-1	1.00923896401028
GTTAAATGCTCGAA-1	1.00005635288117
GTTAAATGTCGACA-1	0.998482229738698
GTTAACCTAGCTAC-1	0.99851065644421
GTTAACCTTGCTTT-1	0.995454345717693
GTTAGGTGCACTCC-1	1.00049219276144
GTTAGGTGCCAGTA-1	0.995298131531703
GTTAGGTGCCCAAA-1	0.99002774508817
GTTAGGTGGAACTC-1	0.997107414186534
GTTAGTCTAAGAAC-1	0.998366252815944
GTTATAGAGGACAG-1	1.00024073915569
GTTATGCTTTCATC-1	1.0001040263134
GTTCAACTGGGACA-1	1.00593342558185
GTTCAACTTATGCG-1	0.98116419970948
GTTGACGAGCCCTT-1	1.00112922351735
GTTGACGATATCGG-1	1.01227357846478
GTTGAGTGGTCTTT-1	0.989776825516381
GTTGAGTGTGCTTT-1	0.999573467148248
GTTGATCTGGGACA-1	1.00225328877599
GTTGATCTTTTCAC-1	0.999573467148248
GTTGGATGTTTACC-1	0.993644058507656
GTTGTACTATTCCT-1	0.991304936629559
GTTGTACTTTTGGG-1	1.00011908585302
GTTTAAGACCATGA-1	0.997455726751748
GTTTAAGACTGTCC-1	1.00335614819706
TAAACAACCAACCA-1	0.999191221080505
TAAACAACGAATCC-1	0.998045067351386
TAAAGACTCAGGAG-1	1.00297145060598
TAAATCGATGAGGG-1	0.998918867628177
TAACAATGTGCCCT-1	0.999573467148248
TAACACCTTCGCTC-1	0.997520954895377
TAACACCTTCGTAG-1	0.994778304418798
TAACACCTTGTTTC-1	1.08991953052511
TAACATGACACTAG-1	1.00038977867716
TAACCGGACTTACT-1	1.00081904156214
TAACGTCTCAACCA-1	0.998138329363398
TAACGTCTCATTGG-1	0.999058488545905
TAACTAGAATTTCC-1	0.997414561171686
TAACTAGACTTAGG-1	1.00002291564966
TAACTAGATCTGGA-1	1.00014596054295
TAACTCACGAGGAC-1	0.998096992307557
TAACTCACGTACAC-1	1.00022593024691
TAACTCACGTATCG-1	0.999934323995594
TAACTCACTCTACT-1	1.00982199893719
TAAGAACTGTGTCA-1	0.998828628499107
TAAGAGGACTAAGC-1	1.00092974050937
TAAGAGGACTTGTT-1	1.00326738240009
TAAGATACGGTTCA-1	0.993947350072367
TAAGATTGCGTAGT-1	1.00050852184156
TAAGATTGTTGCTT-1	1.00267966188768
TAAGCGTGAGGTTC-1	0.996255774274831
TAAGCGTGGACAAA-1	0.994952497638173
TAAGCGTGGGAAAT-1	1.00190211820742
TAAGCGTGTGCTCC-1	0.994026768586386
TAAGGCTGCCATGA-1	0.999573467148248
TAAGGCTGCTGCTC-1	1.00076556430645
TAAGGCTGTCTCGC-1	0.993451130681436
TAAGGGCTGCTGTA-1	1.00130583017623
TAAGGGCTTTACTC-1	1.00268740318298
TAAGTAACCGAGAG-1	0.997570313907471
TAAGTAACCTCCAC-1	0.999573467148248
TAAGTAACCTGTAG-1	1.00109199881122
TAAGTAACTTGTCT-1	0.998946775319315
TAATGATGAGCGGA-1	1.00145148211706
TAATGCCTCATGAC-1	1.00177447824294
TAATGCCTCGTCTC-1	1.00231095316939
TAATGTGAAGATGA-1	0.999573467148249
TAATGTGACTGCAA-1	0.99473421959347
TAATGTGATTACTC-1	1.00302821415452
TACAAATGGGTACT-1	1.00063458547855
TACAATGAAAACAG-1	0.995468442642506
TACAATGACTTAGG-1	0.998164625052197
TACAATGATGCTAG-1	1.00064539579935
TACACACTCACACA-1	0.999573467148248
TACACACTCTTACT-1	1.00437910881723
TACATAGAACGCAT-1	1.00209605003064
TACATCACACGGGA-1	0.999573467148248
TACATCACCTGTTT-1	0.995141524763212
TACATCACGCTAAC-1	0.999573467148248
TACATCACTGAACC-1	0.992346120482291
TACCATTGAGGTTC-1	1.00223190722045
TACCATTGCGGGAA-1	0.992802957210668
TACCATTGGGGATG-1	0.999573467148248
TACCATTGTGAGGG-1	0.999004557946684
TACCGGCTGTTGGT-1	0.998628690714271
TACGAGTGATCTCT-1	0.998610950569386
TACGAGTGATGCTG-1	0.994808357110505
TACGAGTGCGGAGA-1	1.00155282054854
TACGAGTGGTTGGT-1	0.999573467148248
TACGATCTAGTGTC-1	0.999573467148248
TACGATCTCACTGA-1	0.996001242281897
TACGATCTTACGAC-1	1.00300842751646
TACGCAGAGAATCC-1	1.00225508610773
TACGCCACATTCCT-1	0.998839026687449
TACGCCACTCCCAC-1	0.997144042032306
TACGCCACTCCGAA-1	0.998099169999062
TACGGAACGCGTTA-1	1.00268740318298
TACGGCCTGGGACA-1	1.03575712206764
TACGTACTACGGAG-1	1.00168673029233
TACGTACTCAGTTG-1	0.99783507850973
TACGTACTCCCGTT-1	1.00095695983634
TACGTTACAGAAGT-1	0.996667730325143
TACGTTACCAAGCT-1	0.991215829463062
TACTAAGAAAGGTA-1	0.996594112551681
TACTAAGAATCACG-1	1.00068287166229
TACTAAGATGATGC-1	0.990187800790049
TACTAAGATTGCGA-1	1.00167451489843
TACTACACGAGAGC-1	0.999981456318513
TACTACACTTACCT-1	1.00308074247158
TACTACTGAACCTG-1	0.993658831247963
TACTACTGATGTCG-1	1.00691836236443
TACTACTGATTCTC-1	1.0017679204241
TACTACTGTATGGC-1	1.00091818481706
TACTCAACGGTCTA-1	0.994824031814576
TACTCAACTGCTAG-1	0.998396806209875
TACTCCCTCAGTTG-1	1.00212992102842
TACTCTGAATCGAC-1	1.01171710835886
TACTCTGACGAGTT-1	0.999573467148249
TACTCTGATTGACG-1	0.99657174502468
TACTGGGATCGATG-1	1.00303579297834
TACTGTTGAAAGCA-1	1.01815024352127
TACTGTTGAGGCGA-1	1.00532916849459
TACTGTTGCTGAAC-1	0.998342465341416
TACTTGACTCCTCG-1	0.999573467148248
TACTTGACTGGTGT-1	0.999573467148248
TACTTTCTTTTGGG-1	1.00224136786128
TAGAAACTAATCGC-1	0.998931480335693
TAGAAACTGCTTCC-1	0.996436073968248
TAGAAACTGGGATG-1	1.00747969796185
TAGAATTGCGACAT-1	1.00102212434701
TAGAATTGTATCGG-1	1.00115382045599
TAGACGTGCTTGAG-1	1.00158064278509
TAGACGTGTCGCTC-1	1.0005730406154
TAGAGCACCTTACT-1	0.99856684734246
TAGATTGACTTGTT-1	1.00045570321811
TAGATTGAGGCATT-1	1.0013209732097
TAGCATCTCAGCTA-1	1.0135815037249
TAGCATCTCCCTCA-1	1.0007865417443
TAGCATCTGCTGTA-1	0.993561597859065
TAGCATCTGGGACA-1	0.999573467148248
TAGCATCTTGTCGA-1	0.99883468409788
TAGCCCACAAAAGC-1	0.998752799277027
TAGCCCACAGCCAT-1	1.00091607758095
TAGCCCACAGCTAC-1	1.00372797033673
TAGCCCACCCACAA-1	0.998953768780519
TAGCCCTGCGGAGA-1	0.998931067747768
TAGCCGCTTACGAC-1	0.998598748994033
TAGCCGCTTACTTC-1	1.00135629735125
TAGCCGCTTTCCAT-1	0.993585606921721
TAGCTACTGAATAG-1	0.999573467148248
TAGCTACTGTAGCT-1	0.999107248180362
TAGCTACTTTTGCT-1	0.998295240208161
TAGGACTGTGCTGA-1	1.00123942292683
TAGGAGCTAAGGCG-1	0.999573467148248
TAGGAGCTGAGGGT-1	1.00007225630351
TAGGAGCTTGCATG-1	0.998271939196233
TAGGCAACCGTCTC-1	0.998825843014256
TAGGCATGCTCTCG-1	0.994646763312359
TAGGCATGGCGAGA-1	0.999573467148248
TAGGCTGATGCCTC-1	0.995352295411981
TAGGGACTGAACTC-1	1.00502710258865
TAGGTCGACACTGA-1	1.00117022987532
TAGGTCGAGGATCT-1	0.999573467148248
TAGGTGACACACTG-1	0.999573467148248
TAGGTGACACGTTG-1	1.00099837586835
TAGGTGTGTTCTGT-1	1.00318529539449
TAGGTTCTGAAGGC-1	0.998788564543499
TAGGTTCTTCTTAC-1	0.995677338432643
TAGGTTCTTGCTGA-1	0.993616977213659
TAGTAAACCTCGCT-1	0.999119322001884
TAGTAAACGTCACA-1	0.99861602129849
TAGTAATGAGATCC-1	0.998816787763579
TAGTACCTAAGAAC-1	0.997934822120137
TAGTATGATCTTAC-1	0.997313692919579
TAGTATGATTCTCA-1	0.99995295593608
TAGTCTTGGCTGTA-1	1.00141769863745
TAGTCTTGGGACTT-1	0.99498826775766
TAGTCTTGTGGAAA-1	1.0002138088953
TAGTGGTGAAGTGA-1	1.00554871417646
TAGTTAGAACCACA-1	1.01402078013323
TAGTTAGATGAACC-1	0.998973122723535
TATAAGACAACAGA-1	0.998204188426127
TATAAGACAGCTCA-1	0.993675255089408
TATAAGTGACACCA-1	0.99601063102772
TATAAGTGTATCGG-1	0.993845252436797
TATAAGTGTGGTGT-1	0.995567160666692
TATACAGAACCCTC-1	1.00364228723162
TATACAGAAGAACA-1	0.998793768655933
TATACAGATCCAGA-1	1.00019125050248
TATACCACCTGATG-1	0.998873485728677
TATACGCTACCAAC-1	1.00142796337672
TATAGATGGACGGA-1	1.00095409348409
TATAGATGTTCCGC-1	0.997676743301667
TATCCAACCAGCTA-1	0.998372056731003
TATCCAACTCTCTA-1	1.00178491287203
TATCGACTACTAGC-1	0.996757767240789
TATCGACTCGATAC-1	0.996405964083496
TATCGTACAGATGA-1	0.999573467148248
TATCGTACATTCCT-1	0.997767009075089
TATCTCGAGAGATA-1	0.999573467148248
TATCTGACAGGTTC-1	0.9972649833904
TATCTGACTGTTTC-1	0.999573467148249
TATCTTCTAAACAG-1	0.999141125683219
TATGAATGGAGGAC-1	1.00424073625556
TATGAATGTTTGCT-1	0.996900810818975
TATGCGGATAACCG-1	1.00270692629291
TATGGGTGCATCAG-1	1.00556721948816
TATGGGTGCTAGCA-1	0.999573467148248
TATGGTCTCTACCC-1	1.0009823092443
TATGTCACGGAACG-1	0.999954983738763
TATGTCACTAACCG-1	0.999171870737181
TATGTCACTTCTCA-1	0.999573467148248
TATGTGCTCCGATA-1	0.997717249010554
TATGTGCTGGATTC-1	1.0007756000011
TATTGCTGAAGAAC-1	0.996349036609061
TATTGCTGCCGTTC-1	0.999573467148248
TATTGCTGTCTGGA-1	0.998980248473383
TATTGCTGTGCACA-1	1.00300253564618
TATTTCCTATTGGC-1	0.996285396532629
TATTTCCTGGAGGT-1	1.00907233781559
TATTTCCTGGTGTT-1	1.00017743903172
TCAACACTGTTTGG-1	1.00565729835426
TCAAGGACAGCGTT-1	0.99810566470016
TCAAGGACATTCTC-1	1.00433334080134
TCAAGGACGGTGTT-1	0.994220998783331
TCAATCACACTCTT-1	1.00163161430092
TCAATCACAGTCGT-1	0.993636475712703
TCACAACTATGTGC-1	1.00026906455058
TCACAACTTTGCTT-1	0.998535488470005
TCACATACACTTTC-1	0.998523495018891
TCACATACAGGGTG-1	0.998489331066743
TCACCCGAGACGGA-1	0.992909644033927
TCACCGTGCTCGCT-1	0.993886892429959
TCACCTCTACGACT-1	1.00152957960842
TCACCTCTTCCAAG-1	0.992342273451572
TCACGAGAGGAGGT-1	0.997930782732228
TCACTATGGGGCAA-1	0.999573467148248
TCACTATGGTTGTG-1	1.00116514464371
TCAGACGACGCTAA-1	1.00015293002775
TCAGACGACGTTAG-1	1.00516660405475
TCAGAGACTCCAGA-1	1.00076984472712
TCAGCAGACTCCAC-1	0.997506096999028
TCAGCGCTCTAGTG-1	1.00204765889862
TCAGCGCTGGATCT-1	0.998452869090907
TCAGCGCTGGTATC-1	1.00193095174058
TCAGGATGAAGTAG-1	1.00297627044067
TCAGGATGCCTTTA-1	0.998628690714271
TCAGTGGAAGATCC-1	1.00209128444585
TCAGTTACCTACGA-1	0.994686904842798
TCAGTTACTAGAAG-1	0.998972761939626
TCATCAACCCGATA-1	1.000111161321
TCATCAACTGTTCT-1	0.997617992481509
TCATCATGCAGTTG-1	1.00079618698574
TCATCCCTTACTGG-1	1.00054110845236
TCATTCGATACAGC-1	0.994389590106906
TCCACGTGGAAACA-1	0.997534353588175
TCCACTCTACACTG-1	1.00175276976558
TCCACTCTGAGCTT-1	0.998716934614274
TCCACTCTTACTTC-1	1.00142796337672
TCCATAACAAAGTG-1	0.996610890185746
TCCATAACCGTAGT-1	1.00095791793377
TCCATAACGATGAA-1	1.00294281591392
TCCATAACTACGCA-1	1.00117022987532
TCCATCCTCCCTAC-1	1.00474494850083
TCCCACGATCATTC-1	1.00161237274162
TCCCATCTCAAAGA-1	0.996132594627945
TCCCGAACACAGTC-1	1.01332005706974
TCCCGAACTTCGCC-1	0.994367355340185
TCCCGATGAGATCC-1	0.997197302012397
TCCCGATGCCTGAA-1	0.997853030888097
TCCCTACTCAACTG-1	0.997962551004577
TCCGAAGACAATCG-1	0.989215192877282
TCCGAAGACGTTAG-1	0.998263982256788
TCCGGACTGAGGTG-1	0.998991981710699
TCCGGACTGTACGT-1	1.00026140484071
TCCTAAACATCGAC-1	1.00105212612332
TCCTAAACCGAGAG-1	0.999573467148248
TCCTAAACCGCATA-1	1.01357611270097
TCCTAATGGTTTGG-1	1.00630460160716
TCCTACCTGTCGTA-1	1.00009928170225
TCCTATGAAAAGCA-1	0.998653896341304
TCGAATCTCTGGTA-1	1.00607123616546
TCGACCTGCCGATA-1	0.993124606069873
TCGACGCTTCTATC-1	0.997496431372356
TCGACGCTTTGACG-1	0.999573467148248
TCGAGAACGACAGG-1	0.99850782379308
TCGAGAACGTTAGC-1	0.999573467148248
TCGAGCCTATCAGC-1	0.998659780249575
TCGAGCCTGCGAGA-1	1.00256620207983
TCGAGCCTTGTGAC-1	1.0005631438484
TCGATACTATTCCT-1	1.00064885549375
TCGATACTTGCACA-1	0.998790102362082
TCGATTTGATGCCA-1	1.00144299358306
TCGATTTGCACTCC-1	0.999573467148248
TCGATTTGCAGCTA-1	1.03760601858121
TCGATTTGCCTACC-1	0.99467659774397
TCGATTTGTCGTGA-1	0.998170228776024
TCGCAGCTAGATCC-1	1.00084518911663
TCGCCATGAGACTC-1	1.00028744819621
TCGCCATGTGGTCA-1	0.995918719553557
TCGGACCTAACAGA-1	0.999137353070086
TCGGACCTATAAGG-1	0.998444005603448
TCGGACCTGTACAC-1	0.994216435168404
TCGGTAGAGTAGGG-1	1.00265666723199
TCGGTAGATCCCAC-1	1.00077849845283
TCGTAGGATCGACA-1	0.998114945552215
TCGTTATGGACAAA-1	0.998949123945782
TCTAACACCAGTTG-1	1.01123030058438
TCTAACACGAGCAG-1	0.991316121115285
TCTAACTGAACCAC-1	1.00131995544263
TCTAAGCTAATGCC-1	1.00063177680113
TCTAAGCTTAGTCG-1	1.00463033123163
TCTAAGCTTCTAGG-1	0.996186358261074
TCTAAGCTTGTTCT-1	0.996257032287106
TCTAAGCTTTCGCC-1	0.997503956864298
TCTACAACGACTAC-1	0.997311988715786
TCTAGACTTAGAAG-1	0.992473103135357
TCTAGTTGCACCAA-1	0.993395633605923
TCTATGTGAAGAGT-1	0.999573467148248
TCTATGTGAGTCTG-1	1.00263494790521
TCTCAAACCTAAGC-1	0.999573467148249
TCTCTAGAATTTCC-1	0.999083720226569
TCTGATACACGTGT-1	1.00073172145549
TCTGATACTCGCCT-1	0.997499663274497
TCTTACGAACCTGA-1	0.997636309266178
TCTTCAGAGCTACA-1	0.99404659963637
TCTTGATGCGGAGA-1	1.00194493444872
TGAAATTGGTGAGG-1	0.993413400588173
TGAACCGAAAACGA-1	0.999573467148248
TGAACCGACTACTT-1	0.995055053685499
TGAACCGATTCGGA-1	0.994960760793157
TGAAGCACTCACGA-1	1.00168673029233
TGAAGCTGAACGAA-1	0.999573467148248
TGAAGCTGCATGGT-1	1.00238520685893
TGAAGCTGCGTAAC-1	1.00016598254075
TGAATAACCACTTT-1	1.0010879724015
TGAATAACTCCCAC-1	1.00259560915021
TGACACGACCTTAT-1	1.00047479579311
TGACCAGACAACCA-1	1.02906164053613
TGACCAGAGGATTC-1	0.999573467148248
TGACCGCTAAAAGC-1	0.999143912585658
TGACCGCTCTGCAA-1	0.999573467148248
TGACGATGCAAAGA-1	0.993050964915633
TGACGCCTGTACCA-1	0.998413196147496
TGACGCCTTTACTC-1	0.998431097471508
TGACTGGAAGAGAT-1	0.995087051227475
TGACTGGACCGTAA-1	1.00344028907145
TGACTGGACGCAAT-1	1.00031389193873
TGACTGGAGGACAG-1	0.996587437373347
TGACTGGATTCTCA-1	0.998246893203792
TGACTTACACACCA-1	1.00036740953677
TGACTTACAGTCTG-1	1.00091292908078
TGACTTTGCGCATA-1	0.998430444315603
TGACTTTGTTTGTC-1	1.00017671003729
TGAGACACAAGGTA-1	1.00038327552023
TGAGACACTCAAGC-1	1.00413772955532
TGAGCTGAATGCTG-1	0.995133953969934
TGAGCTGACTGGAT-1	0.996978857240012
TGAGCTGATGCTAG-1	1.001647271022
TGAGGACTCTCATT-1	0.998494014159968
TGAGGACTTCATTC-1	0.99913811285071
TGAGGTACGAACCT-1	0.996457589756889
TGAGTCGAGTTACG-1	0.997448975188316
TGAGTGACTGAGCT-1	1.00123480809088
TGATAAACGAATCC-1	1.00009680404204
TGATAAACTCCGTC-1	1.00033129388604
TGATAAACTTTCAC-1	1.00100040999928
TGATACCTCACTAG-1	0.996159040274984
TGATACCTGTTGGT-1	1.00135312317284
TGATACCTTATGCG-1	1.00014925831596
TGATACCTTGAAGA-1	0.999573467148248
TGATATGAACCTTT-1	1.00002170637118
TGATCACTAGCATC-1	1.00092974050937
TGATCACTCTCGCT-1	0.999573467148248
TGATCACTTCTACT-1	0.999573467148248
TGATCGGACTGACA-1	0.994776695249789
TGATCGGAGGAGCA-1	1.00059136273598
TGATCGGATATGCG-1	1.00238916705571
TGATTAGACATTGG-1	0.996985574676667
TGATTAGATGACTG-1	0.99721040930629
TGATTAGATGCTAG-1	1.00126383941513
TGATTCACTATGCG-1	0.998918867628177
TGATTCACTGTCAG-1	0.998820209072025
TGATTCTGCCGAAT-1	0.998706910176295
TGATTCTGCTCTTA-1	0.999069141483693
TGCAAGTGAGAACA-1	1.00159553080398
TGCAAGTGGGTAGG-1	0.995693135365841
TGCAATCTTCAGGT-1	0.997468116995116
TGCACAGACGACAT-1	1.0066176776285
TGCCAAGAGCAGTT-1	0.99776182515976
TGCCAAGATCTCTA-1	1.00040402258418
TGCCACTGAACGTC-1	0.99855453395034
TGCCACTGCGATAC-1	1.00630460160716
TGCCAGCTTGGCAT-1	1.00139307904233
TGCCCAACAGCAAA-1	1.00336152386885
TGCCCAACCGCATA-1	0.994673597211247
TGCCGACTCTCCCA-1	0.998184205901343
TGCGAAACAGTCAC-1	1.00017381157296
TGCGAAACGTTGCA-1	0.997607737616
TGCGATGAACGGTT-1	1.00028795854721
TGCGATGACCTCGT-1	1.00274068345734
TGCGATGACTAGTG-1	0.999105502041906
TGCGATGACTGCTC-1	0.999573467148248
TGCGATGACTTGCC-1	0.999573467148248
TGCGATGAGTGCTA-1	0.995699151384108
TGCGCACTCTTGAG-1	0.988535232541703
TGCGTAGAATAAGG-1	0.997692802111281
TGCGTAGACGGGAA-1	0.997845595986367
TGCGTAGATGGTCA-1	0.994764174700587
TGCTAGGAAACCGT-1	0.999573467148248
TGCTAGGATAGTCG-1	1.00084411138615
TGCTATACGGTTCA-1	0.995714110132232
TGCTATACTGCTGA-1	0.999014734075499
TGCTGAGAGAGCAG-1	1.00977319640486
TGCTGAGATTATCC-1	0.998634018400929
TGGAAAGACTCTCG-1	0.996713457227939
TGGAAAGAGCGATT-1	0.999070916385479
TGGAAAGAGGTCAT-1	0.998748055532106
TGGAAAGATATGGC-1	1.00033942382806
TGGAACACAAACAG-1	1.00783440489328
TGGAACACGCTAAC-1	1.00134890847533
TGGAAGCTCAGATC-1	0.998886002590375
TGGACCCTACACTG-1	0.995622583878888
TGGACCCTCATGGT-1	1.0017784086199
TGGACCCTGGTACT-1	0.997019812305169
TGGACTGAGTATGC-1	0.999145200881261
TGGAGACTATCAGC-1	0.998711394300341
TGGAGACTTCAAGC-1	0.999573467148248
TGGAGACTTGACCA-1	1.00234428757
TGGAGGGACGGAGA-1	0.997673137362796
TGGAGGGAGCTATG-1	1.00082293398218
TGGATCGATAAAGG-1	1.00008977575731
TGGATGTGACCTAG-1	1.00036994003044
TGGATGTGTGAAGA-1	1.00062842595263
TGGATTCTCATACG-1	0.999573467148248
TGGCAATGCTTGTT-1	1.00038087705709
TGGCACCTTCACGA-1	0.999573467148248
TGGCACCTTCAGTG-1	0.989652142412286
TGGGTATGAAGAGT-1	0.999157671196856
TGGGTATGCACAAC-1	1.00091637821025
TGGGTATGGTACGT-1	0.997068270488729
TGGGTATGTTTGGG-1	0.996269092050238
TGGTAGACATGCCA-1	0.999133320311107
TGGTAGACCCTCAC-1	1.00542870921523
TGGTAGACCTGATG-1	0.998659780249575
TGGTAGTGCACTGA-1	0.998354475115141
TGGTATCTAAACAG-1	1.00019086891919
TGGTATCTCTTCCG-1	1.00064482134669
TGGTCAGACCCAAA-1	0.995622583878888
TGGTTACTGACGTT-1	0.998086744093492
TGGTTACTGTTCTT-1	1.00109798184141
TGTAACCTAGAGGC-1	1.00191768259653
TGTAACCTTGCCTC-1	0.991441768103863
TGTAATGACACAAC-1	1.011305550096
TGTAATGAGGTAAA-1	1.0070052401382
TGTACTTGCTCTAT-1	0.996251621789146
TGTAGGTGCGAGAG-1	0.998215351024406
TGTAGGTGCTATGG-1	0.999277121619892
TGTAGGTGCTCTAT-1	0.99770554195853
TGTAGGTGTGCTGA-1	0.999573467148248
TGTAGTCTTCCAGA-1	0.996609328365931
TGTAGTCTTGCACA-1	0.999573467148248
TGTATCTGTTAGGC-1	0.999573467148248
TGTATGCTCATGGT-1	1.00052453609891
TGTATGCTGTAGGG-1	1.00049388470548
TGTATGCTTTCATC-1	0.996967017429479
TGTCAGGAATACCG-1	0.999075919379633
TGTCAGGAGATGAA-1	0.997474992409659
TGTCTAACCCCTTG-1	1.00086574053823
TGTGACGATTCTCA-1	0.99909747978294
TGTGAGACTGTCAG-1	0.996964976889511
TGTGAGACTTGAGC-1	1.00009735261321
TGTGAGTGACCACA-1	1.00120011233482
TGTGAGTGAGTGCT-1	0.995814387442734
TGTGAGTGGAGATA-1	0.995264960824334
TGTGATCTCTCTAT-1	0.998769305066874
TGTGATCTGACACT-1	0.999573467148248
TGTGGATGGCCAAT-1	0.999573467148248
TGTTAAGACAAAGA-1	1.00273667432277
TGTTAAGATAAGGA-1	0.994137309611072
TGTTACACCGCATA-1	0.996406501707779
TGTTACACGACTAC-1	0.999573467148248
TGTTACTGGCTACA-1	0.999573467148248
TGTTACTGTAGTCG-1	1.00040993030067
TTAACCACCGTAAC-1	1.00211045564355
TTAACCACTAAGGA-1	1.00296185178265
TTAACCACTCAGAC-1	1.00040505905103
TTACACACGTGTTG-1	1.00005173196507
TTACACACTCCTAT-1	1.00171732445044
TTACCATGAATCGC-1	0.977039730027566
TTACCATGGTTGAC-1	1.00055376149328
TTACCATGTGTCTT-1	1.00518904842436
TTACCATGTTGTGG-1	1.00045882894377
TTACGACTGAGAGC-1	1.00040540511508
TTACGACTTGACAC-1	1.00815963866276
TTACGTACGTTCAG-1	1.10733417550252
TTACTCGAAGAATG-1	0.994390749551559
TTACTCGACGCAAT-1	0.99494447279966
TTACTCGAGGGTGA-1	0.999573467148248
TTACTCGATCTACT-1	1.01121898327036
TTAGAATGTGGTGT-1	1.00031941749687
TTAGAATGTGTAGC-1	0.999573467148249
TTAGACCTCCTACC-1	1.00010094655044
TTAGACCTCCTTTA-1	0.997123532179748
TTAGCTACAACCGT-1	0.998353731373815
TTAGCTACTGTCCC-1	0.994875119476576
TTAGCTACTTTCGT-1	0.999117249226227
TTAGGGACGCGAAG-1	1.00085087732991
TTAGGGTGCTGGAT-1	0.999573467148248
TTAGGGTGTCCTGC-1	0.99644817230568
TTAGGTCTACTTTC-1	0.993364936296396
TTAGTCACCAGTTG-1	1.00012878574111
TTAGTCTGAAAGCA-1	0.999051769096501
TTAGTCTGCCAACA-1	1.00320168299997
TTAGTCTGTGCACA-1	0.999573467148248
TTATCCGACTAGTG-1	0.999573467148249
TTATCCGAGAAAGT-1	0.996301540905537
TTATGAGAGATAAG-1	1.001647271022
TTATGCACGTCACA-1	0.997870616267246
TTATGGCTTATGGC-1	0.996573823779613
TTATTCCTATGCTG-1	1.00466813313779
TTATTCCTGGACAG-1	0.999573467148248
TTATTCCTGGTACT-1	0.999046265952495
TTATTCCTTCGTGA-1	1.00085661665678
TTCAAAGATAAAGG-1	1.00014334939862
TTCAACACAACAGA-1	1.00012940344811
TTCAACACCCCAAA-1	0.993670474232019
TTCAACACGGACGA-1	0.992413987769225
TTCAAGCTAAGAAC-1	0.994256587003843
TTCAAGCTAGATGA-1	0.999134865363629
TTCAAGCTGTTGAC-1	0.999014734075499
TTCAAGCTTGATGC-1	1.00124686022941
TTCAAGCTTTCGCC-1	0.999126830210291
TTCACAACCCGTTC-1	0.996241555591088
TTCACAACGTCTGA-1	0.995373578630819
TTCAGACTACCCAA-1	1.0046994849285
TTCAGACTCTCGAA-1	0.998993331647872
TTCAGTACCGACTA-1	1.00054110845236
TTCAGTACTCAAGC-1	1.00107771615825
TTCAGTACTCCTAT-1	0.995936009116413
TTCAGTTGCCAAGT-1	1.00093250653254
TTCAGTTGTCCTTA-1	0.998202310128841
TTCAGTTGTCTAGG-1	1.00222134388242
TTCAGTTGTCTCGC-1	0.990636427895891
TTCATCGAGGTGGA-1	1.00026617225369
TTCATGTGTGGTGT-1	1.00000506190954
TTCATTCTATGTCG-1	1.00007830223267
TTCATTCTTCTCTA-1	1.00021013814643
TTCCAAACCTATGG-1	0.998231757796372
TTCCAAACCTCCCA-1	0.998572893107059
TTCCAAACTCCCAC-1	1.00785150828405
TTCCAAACTTGACG-1	0.999573467148248
TTCCATGACGAGAG-1	0.99570215240329
TTCCATGACTGTCC-1	0.998312970972778
TTCCCACTTGAGGG-1	1.00412733260223
TTCCCACTTGTCTT-1	0.994367355340185
TTCCTAGAAAGTGA-1	0.999573467148248
TTCCTAGACTAGTG-1	0.994264655107249
TTCGAGGACTCTAT-1	1.0005425155895
TTCGAGGAGGGCAA-1	1.00434849963463
TTCGAGGATAGAAG-1	0.998557124019475
TTCGATTGAGCATC-1	0.99889670786108
TTCGGAGAATGCCA-1	0.989026971011866
TTCGGAGATGTGCA-1	0.999011277346703
TTCGTATGAAAAGC-1	1.00399309928008
TTCGTATGGATAGA-1	1.00625709360021
TTCGTATGGTCTGA-1	0.998978836888196
TTCGTATGTCCTTA-1	0.995667611854931
TTCTACGAACGTAC-1	1.00062620381718
TTCTACGAGTTGGT-1	0.99799269730036
TTCTAGTGACACGT-1	1.00185559835178
TTCTAGTGCATGAC-1	0.999573467148248
TTCTAGTGGAGAGC-1	1.00749872754189
TTCTAGTGGTCACA-1	0.994583085385152
TTCTCAGAAGAGAT-1	0.999573467148248
TTCTCAGAAGCATC-1	0.999573467148248
TTCTCAGATGGAGG-1	1.00128898225205
TTCTGATGGAGACG-1	1.01291099302569
TTCTTACTCTGGAT-1	0.993306548858918
TTGAACCTCCTTGC-1	0.998022538572378
TTGAATGAACTACG-1	0.979726340544222
TTGAATGACTTACT-1	0.998357441032496
TTGAATGATCTCAT-1	1.0009089026421
TTGACACTCTGTAG-1	0.999573467148249
TTGACACTGATAAG-1	0.998491677681638
TTGAGGACAGAACA-1	0.996467823885915
TTGAGGACTACGCA-1	0.996036718923045
TTGAGGTGGACGGA-1	0.999573467148248
TTGCATTGAGCTAC-1	0.998885529455786
TTGCATTGCTAAGC-1	0.997870616267246
TTGCATTGTGACTG-1	1.00010290224737
TTGCTAACACCAAC-1	0.999573467148248
TTGCTAACACGCTA-1	0.994800967835604
TTGCTAACCACTCC-1	0.999573467148248
TTGCTATGGTACGT-1	0.994688834478932
TTGCTATGGTAGGG-1	0.996584567417348
TTGGAGACCAATCG-1	0.999573467148248
TTGGAGACGCTATG-1	0.998119189552979
TTGGAGACTATGGC-1	0.997174490827093
TTGGGAACTGAACC-1	1.00007932416604
TTGGTACTACTGGT-1	0.961270899185831
TTGGTACTCTTAGG-1	1.00084518911663
TTGGTACTGAATCC-1	0.998885055669496
TTGGTACTGGATTC-1	0.999573467148248
TTGTACACGTTGTG-1	1.0013179234609
TTGTACACTTGCAG-1	0.997770267868967
TTGTAGCTAGCTCA-1	1.00066232713425
TTGTAGCTCTCTTA-1	1.00151187723322
TTGTCATGGACGGA-1	1.01271494247641
TTTAGAGATCCTCG-1	1.00073576187749
TTTAGCTGATACCG-1	1.00004563222484
TTTAGCTGGATACC-1	0.995301785664709
TTTAGCTGTACTCT-1	0.997205370803429
TTTAGGCTCCTTTA-1	0.998869046100223
TTTATCCTGTTGTG-1	0.992941575364736
TTTCACGAGGTTCA-1	0.999573467148248
TTTCAGTGGAAGGC-1	0.998806334786661
TTTCAGTGTCACGA-1	0.99786333290163
TTTCAGTGTCTATC-1	1.00553217634138
TTTCAGTGTGCAGT-1	0.995070883962896
TTTCCAGAGGTGAG-1	0.999573467148248
TTTCGAACACCTGA-1	0.997817364781509
TTTCGAACTCTCAT-1	0.995619458180099
TTTCTACTGAGGCA-1	1.00128947310043
TTTCTACTTCCTCG-1	1.00036994003044
TTTGCATGAGAGGC-1	0.996943010655753
TTTGCATGCCTCAC-1	1.00156200852852
